rank,hours
10021,1137
10020,1885
10019,551
10018,1156
10017,1957
10015,1243
10014,640
10012,614
10010,1178
10009,788
10007,836
10005,1130
10004,784
10003,602
10002,1910
10001,944
10000,297
9999,1483
9998,1033
9996,1609
9995,631
9994,853
9993,986
9991,1446
9988,905
9988,1515
9987,940
9986,868
9985,722
9984,1157
9984,2031
9983,975
9982,1846
9981,728
9980,694
9979,851
9977,783
9976,700
9975,616
9974,491
9973,983
9972,947
9972,602
9971,1617
9970,846
9968,489
9966,747
9965,1107
9964,1051
9963,732
9962,694
9961,589
9960,992
9959,1469
9958,614
9957,300
9956,895
9955,1045
9954,851
9953,1093
9952,1482
9951,888
9950,948
9949,1109
9948,1052
9948,987
9947,699
9946,656
9945,858
9942,1680
9941,683
9940,548
9939,640
9938,1218
9937,419
9936,1385
9935,1145
9934,527
9933,814
9933,1204
9931,935
9930,1621
9929,1771
9929,954
9927,1447
9926,1245
9924,1436
9923,1065
9922,1162
9921,1245
9920,705
9920,1038
9919,795
9918,941
9916,1183
9915,695
9914,460
9913,657
9912,1201
9911,1240
9910,1363
9909,840
9908,856
9906,494
9906,1510
9904,426
9903,944
9903,225
9902,1192
9901,722
9900,1020
9899,948
9898,931
9897,962
9896,1712
9895,992
9894,692
9893,398
9892,854
9891,497
9890,831
9888,1968
9887,1189
9886,1001
9885,776
9884,887
9883,785
9883,1287
9882,525
9881,1984
9880,1492
9879,1215
9878,2200
9877,1037
9875,1347
9874,1726
9874,790
9873,1394
9872,1169
9868,895
9867,1012
9866,1439
9865,889
9864,643
9863,853
9863,702
9861,1004
9861,992
9860,838
9858,1433
9857,1255
9855,931
9854,996
9853,956
9852,654
9850,836
9850,989
9849,1245
9847,841
9846,1244
9844,1149
9843,1254
9842,902
9841,1166
9840,1727
9840,715
9839,764
9838,1445
9836,1289
9835,1133
9834,1750
9833,573
9832,881
9831,1066
9831,1253
9830,1205
9829,2145
9828,1208
9826,1175
9825,1101
9823,2074
9822,1051
9821,928
9820,1083
9819,1205
9819,1074
9818,657
9818,2289
9817,533
9815,1260
9813,1207
9812,1526
9811,711
9810,1199
9809,254
9808,879
9807,655
9806,1207
9805,707
9804,482
9803,868
9802,1289
9801,672
9800,977
9799,897
9798,672
9796,774
9795,742
9794,1169
9793,651
9792,1440
9791,453
9790,1066
9789,1406
9788,510
9787,904
9786,1139
9785,1886
9784,1614
9783,819
9782,992
9781,466
9780,1323
9778,763
9777,945
9776,959
9775,1164
9774,493
9773,1247
9772,1060
9771,1373
9770,1763
9769,955
9768,2288
9767,2003
9766,783
9765,791
9765,1913
9764,507
9763,1393
9762,1338
9760,1208
9759,1228
9758,824
9757,1107
9756,1557
9755,1873
9754,1286
9753,610
9752,480
9751,1110
9750,930
9749,1334
9747,764
9746,363
9745,1421
9744,1357
9743,1574
9742,1577
9741,872
9739,938
9739,708
9738,679
9737,719
9736,618
9734,1115
9733,1560
9732,1431
9731,870
9731,772
9730,786
9728,1900
9727,478
9726,1744
9725,728
9725,734
9724,1718
9724,1307
9722,1330
9721,797
9720,1129
9719,607
9719,1174
9718,734
9716,2273
9714,1154
9713,912
9712,1407
9711,1040
9710,983
9708,767
9706,1088
9705,913
9705,1379
9704,1078
9703,1580
9701,1163
9700,1514
9699,630
9698,1191
9697,449
9696,1137
9694,859
9694,806
9692,1275
9690,428
9689,1567
9688,1323
9687,592
9686,1116
9685,422
9684,1116
9683,1463
9682,1786
9681,1354
9680,950
9679,588
9678,1449
9678,564
9677,773
9676,322
9674,841
9673,1423
9672,1238
9671,803
9670,2507
9669,785
9668,711
9667,1283
9667,487
9666,1813
9665,1110
9664,1058
9663,1524
9662,978
9661,1594
9660,715
9659,1129
9658,541
9657,2250
9656,1073
9654,1235
9653,1195
9651,1076
9650,690
9649,849
9647,685
9646,1228
9645,1497
9644,906
9643,667
9642,1053
9641,760
9640,1045
9639,1099
9638,1419
9637,1315
9636,1092
9635,779
9634,727
9633,1254
9632,1632
9631,1052
9630,1459
9629,854
9628,1435
9627,691
9626,325
9625,1213
9624,786
9623,1213
9622,2295
9621,401
9620,1561
9619,1010
9617,1554
9616,1882
9615,1489
9614,1123
9613,1353
9612,607
9610,335
9609,561
9607,1089
9606,1023
9605,644
9604,1394
9603,1251
9602,1079
9601,1089
9600,1344
9599,1189
9599,863
9598,1790
9597,510
9596,577
9595,604
9595,1367
9594,2428
9593,972
9592,919
9591,1834
9589,1564
9587,675
9586,1004
9585,663
9585,1925
9584,1309
9583,880
9582,814
9581,1643
9579,874
9577,1653
9575,588
9574,988
9574,1434
9573,697
9572,1796
9571,774
9569,905
9568,779
9567,987
9566,206
9564,1641
9563,971
9562,1160
9561,1504
9560,972
9559,1029
9558,1069
9557,993
9556,1061
9555,766
9554,1030
9553,325
9552,970
9551,1071
9550,900
9549,743
9548,927
9547,1037
9546,1413
9546,1669
9545,4443
9544,761
9542,2139
9541,1950
9540,1108
9539,600
9538,650
9537,1364
9536,909
9535,1119
9534,1241
9533,1408
9532,900
9532,472
9531,1208
9530,439
9528,1319
9527,676
9526,1258
9525,739
9524,1077
9523,962
9522,1540
9521,791
9520,628
9519,382
9518,1047
9517,1535
9517,891
9516,791
9515,1247
9513,796
9512,732
9511,587
9510,596
9509,857
9507,1230
9506,605
9506,506
9505,1324
9504,1095
9502,2013
9501,2778
9500,867
9499,1198
9498,1092
9497,1830
9496,1343
9495,310
9494,663
9493,915
9492,815
9492,2920
9491,1124
9490,2156
9489,1356
9487,632
9486,583
9485,1103
9485,960
9483,1081
9482,1265
9481,771
9480,885
9479,1114
9478,602
9477,1460
9476,1939
9475,814
9474,769
9473,2476
9472,845
9471,3207
9470,1481
9469,895
9468,925
9467,995
9467,722
9466,1250
9464,935
9463,845
9462,660
9461,748
9460,609
9458,1487
9457,1262
9456,901
9455,544
9454,709
9453,1097
9452,1066
9451,964
9450,2339
9449,1918
9448,1279
9446,983
9445,1200
9444,865
9443,1014
9443,1062
9441,1953
9440,812
9439,616
9438,810
9437,1122
9436,1583
9435,1225
9434,1766
9433,1280
9432,1005
9431,1512
9430,203
9429,749
9428,808
9427,1087
9426,1234
9425,971
9424,682
9423,1576
9422,870
9421,1313
9420,1829
9419,1429
9419,1432
9418,1285
9417,1362
9416,1806
9414,1189
9413,1757
9412,1000
9411,1267
9410,1380
9409,921
9408,1638
9407,1043
9406,1367
9404,745
9404,1069
9403,1120
9402,1842
9401,985
9400,646
9399,652
9398,1513
9398,812
9397,760
9396,885
9394,642
9393,1041
9392,538
9391,1413
9389,2307
9388,598
9386,1186
9385,1058
9384,1390
9383,726
9382,994
9381,1010
9380,5519
9379,1077
9378,529
9377,696
9377,1466
9376,1934
9375,783
9373,694
9372,774
9371,1185
9371,1425
9370,894
9369,1529
9369,1782
9368,793
9366,602
9365,1860
9365,1320
9364,2113
9363,921
9363,1528
9362,1380
9360,394
9359,962
9358,735
9357,1707
9356,1911
9355,731
9355,601
9354,796
9353,1370
9351,844
9350,1135
9350,1081
9349,433
9348,830
9347,580
9347,1255
9344,696
9343,1696
9343,1190
9342,1003
9341,1190
9340,433
9338,1240
9337,1166
9336,924
9335,498
9333,835
9333,2207
9332,1090
9331,648
9330,2788
9329,1175
9328,1250
9327,2031
9326,2016
9325,1830
9324,1218
9323,1097
9322,830
9322,1161
9321,837
9319,1927
9318,1114
9317,1817
9316,1089
9315,998
9314,753
9313,1544
9312,1393
9312,1559
9311,694
9310,1976
9308,1611
9307,1845
9306,1022
9305,1095
9304,1404
9304,941
9302,1441
9301,1207
9301,634
9300,1046
9298,513
9297,1058
9295,1187
9294,1154
9293,887
9292,701
9291,890
9290,712
9288,873
9287,708
9286,1094
9285,821
9284,684
9283,2824
9282,1111
9281,945
9280,586
9279,866
9278,636
9278,1769
9277,984
9275,589
9274,761
9273,1733
9272,965
9271,698
9270,1045
9269,765
9268,926
9267,894
9266,396
9264,1581
9263,1150
9262,653
9262,1632
9262,652
9261,839
9260,549
9258,1025
9257,1196
9256,734
9255,946
9254,1095
9253,53
9252,445
9251,718
9250,735
9249,1378
9248,1499
9248,1855
9247,2638
9246,576
9244,1333
9243,1537
9242,1257
9241,1419
9240,768
9239,829
9238,2595
9237,750
9236,531
9235,2216
9234,1153
9233,673
9232,689
9231,731
9230,900
9229,489
9228,590
9228,1221
9227,772
9226,1231
9224,726
9223,1178
9222,1369
9221,1650
9219,977
9218,1057
9217,1727
9216,1597
9215,1254
9215,905
9214,1520
9213,1124
9212,1341
9211,1235
9210,1807
9209,1149
9208,2043
9207,570
9206,1880
9205,722
9205,1657
9204,819
9203,1086
9201,1146
9201,802
9200,726
9198,1075
9197,978
9196,592
9195,1382
9193,1085
9192,671
9191,880
9189,1467
9188,1014
9187,1109
9186,1088
9185,1781
9184,1617
9183,574
9182,1026
9181,2390
9180,1499
9179,1512
9178,1036
9178,544
9177,696
9175,410
9175,605
9174,941
9173,923
9171,505
9170,1162
9169,842
9168,1562
9167,714
9166,1124
9165,475
9164,796
9163,602
9162,1287
9161,1149
9160,1156
9159,756
9158,810
9157,611
9156,1272
9155,1527
9154,3347
9153,1038
9152,823
9151,1889
9150,593
9149,733
9148,820
9147,811
9146,618
9145,469
9144,1043
9143,1911
9142,605
9141,1329
9140,1586
9139,285
9138,927
9137,892
9136,632
9135,2127
9134,2159
9133,814
9132,1105
9131,737
9130,128
9129,1028
9126,1122
9125,586
9124,1911
9124,983
9123,917
9121,1396
9120,1024
9119,722
9118,1365
9117,1320
9116,527
9115,1908
9114,1616
9113,903
9112,1426
9111,1150
9110,892
9109,1966
9108,1044
9107,1026
9107,627
9106,2133
9105,579
9104,864
9103,1320
9102,757
9101,1123
9100,1633
9099,673
9098,796
9097,1198
9097,553
9096,1169
9094,1804
9094,580
9093,689
9092,646
9090,1279
9089,937
9088,619
9087,1080
9086,513
9085,1815
9084,681
9083,925
9082,876
9081,1894
9080,688
9079,1484
9078,1202
9077,1049
9075,645
9074,828
9073,1724
9072,769
9072,648
9071,1971
9070,482
9069,882
9068,493
9067,693
9066,1292
9065,786
9064,1062
9063,1226
9062,520
9061,1483
9060,1394
9059,1379
9058,932
9056,808
9055,1098
9055,998
9054,1560
9053,738
9051,2443
9050,413
9049,928
9048,787
9047,1089
9046,610
9045,832
9044,1206
9043,804
9042,497
9041,973
9040,670
9039,839
9038,665
9037,928
9036,930
9035,513
9034,1308
9033,876
9032,1429
9032,926
9031,2186
9029,1357
9028,736
9027,2256
9026,1509
9025,1792
9024,822
9024,1345
9024,1063
9023,796
9022,1270
9021,1277
9019,808
9018,949
9017,711
9016,1307
9015,706
9014,875
9013,926
9012,1406
9011,1518
9010,2453
9009,1087
9008,2860
9007,1510
9006,725
9005,1653
9004,1026
9003,935
9002,667
9001,1292
9000,1261
8999,659
8998,605
8997,492
8996,1309
8995,672
8994,947
8993,810
8992,835
8991,764
8990,828
8989,961
8988,1144
8987,2027
8987,1622
8987,984
8985,643
8983,572
8982,1397
8981,1155
8980,381
8979,1066
8978,958
8977,1073
8976,1115
8975,2867
8973,1236
8973,1692
8972,847
8971,1523
8970,704
8969,1212
8968,775
8967,1328
8966,773
8965,1367
8964,1639
8963,1278
8962,2876
8961,854
8960,637
8959,1089
8958,1077
8957,1562
8956,1135
8955,1067
8954,832
8953,747
8953,1264
8952,589
8952,1214
8951,860
8948,574
8947,1444
8946,914
8945,2165
8944,1288
8943,729
8942,1279
8941,158
8940,1133
8939,864
8938,734
8937,1294
8936,1106
8935,828
8934,1178
8933,1265
8932,3053
8931,1301
8930,917
8929,1423
8928,957
8927,858
8926,1056
8925,1141
8924,457
8923,902
8922,1027
8921,575
8920,957
8919,855
8918,1104
8917,1254
8916,1269
8915,834
8914,1850
8913,900
8912,1656
8911,749
8910,1170
8909,1632
8908,1021
8907,994
8907,1066
8906,1734
8904,1757
8903,1875
8902,1225
8902,1179
8901,2324
8899,678
8899,923
8898,436
8896,949
8895,1098
8894,1681
8893,935
8892,723
8891,640
8890,802
8889,1908
8888,1053
8887,1065
8886,583
8885,1628
8884,544
8883,1647
8882,459
8881,1086
8880,2011
8879,1884
8878,905
8877,869
8876,908
8875,1663
8874,1027
8873,944
8872,1402
8871,1360
8870,831
8869,1030
8868,716
8867,1322
8867,1237
8866,763
8866,763
8863,787
8862,1144
8861,653
8860,1113
8858,1278
8857,1424
8856,365
8855,858
8854,1411
8853,650
8852,1575
8851,904
8851,526
8849,679
8848,2296
8847,1966
8846,823
8845,976
8844,1535
8843,1568
8842,914
8841,853
8840,769
8839,1221
8839,1236
8838,651
8836,849
8835,621
8834,865
8833,1205
8832,1058
8830,563
8829,699
8828,688
8826,1172
8825,1461
8824,826
8824,934
8822,909
8821,934
8820,1805
8819,1647
8818,2222
8817,902
8816,706
8815,832
8814,1303
8813,525
8812,966
8811,458
8810,1206
8809,664
8808,679
8807,1459
8806,740
8805,1257
8804,773
8803,1042
8802,1250
8801,850
8800,1017
8799,746
8798,2601
8797,718
8796,1610
8795,957
8794,1056
8793,758
8792,1150
8791,1116
8790,420
8789,1380
8788,1271
8788,1246
8786,561
8785,1032
8785,1001
8784,814
8783,1289
8782,2267
8781,1520
8780,1065
8779,521
8778,1183
8777,694
8776,1666
8775,402
8774,941
8773,1249
8772,742
8771,1500
8771,823
8770,647
8768,1211
8767,1154
8766,890
8765,233
8764,1163
8763,613
8762,1344
8761,692
8760,1116
8759,531
8758,1237
8757,1333
8757,2236
8756,602
8755,1030
8753,1767
8752,915
8751,725
8751,2047
8750,1646
8748,817
8747,1646
8746,736
8745,857
8744,382
8743,1577
8742,1126
8741,838
8740,607
8739,1107
8738,1312
8737,723
8737,751
8734,916
8733,1774
8732,330
8731,2059
8730,1252
8729,995
8728,1030
8728,1182
8726,612
8725,953
8724,1063
8723,1117
8722,842
8721,881
8720,1394
8720,721
8719,1689
8718,1345
8716,1040
8715,1111
8714,1269
8713,664
8712,1250
8711,1168
8711,1383
8710,698
8709,911
8708,1188
8707,911
8706,1760
8705,1242
8704,1166
8704,2205
8702,730
8701,983
8701,566
8699,879
8698,764
8697,1006
8696,1537
8695,1229
8694,603
8693,855
8692,640
8691,1219
8690,1344
8690,1153
8689,1094
8688,1256
8686,792
8685,600
8684,987
8683,1208
8682,1807
8682,1491
8681,750
8679,559
8678,759
8677,1344
8676,735
8675,879
8674,1328
8673,1246
8672,557
8671,1331
8670,590
8669,1098
8667,641
8666,878
8666,1026
8665,1186
8663,1490
8662,812
8661,1048
8660,748
8659,1369
8658,874
8657,1104
8656,1233
8654,820
8653,1164
8652,1630
8651,804
8650,1503
8649,1522
8648,838
8647,1317
8646,952
8645,748
8644,638
8643,311
8642,1231
8641,1915
8640,556
8640,795
8639,916
8638,747
8637,1241
8636,927
8635,2035
8634,1166
8633,325
8632,1452
8631,1098
8630,985
8629,774
8628,642
8627,857
8626,619
8625,1032
8624,487
8623,733
8623,954
8622,698
8620,734
8619,1454
8618,906
8617,326
8616,1243
8615,850
8614,1341
8614,1142
8613,674
8611,1580
8610,2475
8609,453
8608,1600
8607,481
8606,895
8606,1377
8604,777
8603,512
8602,1460
8602,1341
8601,2009
8600,718
8598,939
8597,1264
8596,1307
8595,1903
8594,1434
8593,1790
8592,360
8591,786
8590,1085
8589,830
8589,1117
8587,781
8585,1753
8584,973
8584,1580
8583,640
8581,1048
8580,1950
8579,737
8577,1204
8576,604
8576,468
8574,1843
8573,1166
8572,962
8571,787
8570,1440
8569,607
8568,1104
8567,865
8566,796
8565,653
8564,1288
8563,663
8562,553
8561,605
8560,2664
8559,2186
8558,737
8557,502
8556,1008
8555,1062
8554,1259
8553,962
8552,1210
8551,1161
8550,1349
8549,1490
8548,878
8547,2804
8546,461
8545,969
8544,505
8543,916
8542,1067
8541,976
8539,950
8538,1800
8537,878
8535,962
8534,1378
8534,701
8534,1852
8534,1039
8533,1141
8532,1026
8531,796
8530,914
8528,1178
8527,976
8526,1139
8525,866
8524,1378
8523,1086
8522,1206
8522,637
8521,922
8520,2012
8519,898
8518,511
8517,842
8516,1198
8515,1359
8513,702
8512,1197
8511,735
8511,585
8510,961
8510,829
8508,881
8506,1136
8505,623
8504,706
8503,568
8502,971
8501,639
8500,1134
8499,1071
8498,789
8497,1558
8496,825
8495,2974
8494,1005
8493,1235
8492,1295
8491,2001
8490,820
8489,1957
8488,1063
8487,2039
8486,1130
8485,1133
8484,814
8483,1666
8482,982
8481,853
8481,1678
8480,706
8479,1204
8478,920
8476,1026
8475,735
8474,2346
8473,1298
8472,706
8471,1229
8470,1799
8469,983
8468,1506
8467,696
8466,638
8465,2079
8464,671
8463,778
8462,1070
8461,608
8460,1094
8459,1338
8458,843
8458,548
8457,890
8455,1185
8454,579
8453,1071
8452,1773
8451,702
8450,915
8449,1242
8448,602
8447,1135
8447,1107
8446,503
8445,1006
8444,1022
8443,779
8441,1172
8440,871
8439,1703
8438,1116
8437,641
8436,1206
8436,776
8434,924
8433,542
8432,1576
8431,1521
8430,939
8429,814
8428,956
8427,775
8426,1820
8425,1032
8424,716
8423,870
8422,599
8421,136
8420,1890
8419,1195
8418,1181
8417,405
8416,1124
8415,1125
8414,801
8413,618
8412,526
8411,584
8410,1527
8409,848
8408,725
8407,636
8406,1010
8405,679
8404,638
8403,1207
8402,2323
8400,771
8399,800
8398,1095
8397,1198
8396,2003
8395,2126
8394,1288
8393,1187
8391,1581
8390,1119
8389,1719
8388,707
8387,1413
8386,1131
8385,1211
8384,556
8383,1776
8382,1230
8380,980
8379,623
8378,891
8378,1579
8377,1617
8376,1512
8375,473
8374,1206
8373,1392
8372,1268
8371,703
8370,792
8369,480
8369,963
8368,1159
8368,595
8366,704
8364,1299
8363,1050
8362,1342
8361,2147
8360,917
8359,1637
8358,314
8357,458
8356,1342
8355,1653
8355,517
8354,1505
8353,838
8352,1262
8351,596
8349,1487
8348,838
8347,742
8346,1070
8345,994
8345,600
8344,593
8343,2497
8342,1956
8341,616
8340,1216
8339,1712
8338,1674
8337,942
8336,961
8334,809
8333,851
8333,867
8332,1843
8331,1122
8329,1226
8328,2284
8327,1576
8326,740
8325,1211
8324,587
8323,790
8322,894
8321,1060
8320,1067
8320,1402
8319,825
8317,1269
8316,918
8316,1274
8315,1702
8314,2526
8313,1233
8312,948
8311,737
8310,1529
8309,1329
8308,1037
8308,1480
8307,1326
8305,832
8304,114
8303,1640
8302,1414
8301,4517
8300,999
8299,1599
8298,588
8297,1465
8296,862
8295,1595
8294,956
8293,924
8292,978
8291,1109
8291,866
8290,959
8289,708
8287,678
8287,454
8285,1618
8284,1002
8283,1189
8282,1337
8281,1209
8281,1518
8280,974
8279,1624
8277,2008
8276,1076
8275,581
8274,546
8273,1682
8272,718
8272,1034
8270,4455
8269,705
8269,2695
8268,2176
8266,887
8265,1303
8264,1407
8263,1813
8262,1122
8261,1173
8260,512
8259,1220
8258,2005
8257,1486
8256,797
8255,1020
8254,595
8253,1382
8252,1072
8251,1319
8250,653
8249,2032
8248,1186
8247,1485
8246,523
8245,737
8244,675
8243,1365
8242,1052
8241,675
8240,1262
8239,1294
8238,711
8237,495
8236,1322
8234,903
8233,638
8233,1462
8232,890
8231,809
8229,795
8228,322
8227,1496
8226,1788
8225,1244
8224,1467
8223,719
8222,843
8221,611
8219,1126
8218,1059
8217,764
8216,608
8216,245
8215,1205
8214,826
8213,906
8212,1200
8211,554
8210,1384
8209,2363
8209,2024
8208,456
8207,1170
8205,456
8204,1808
8203,856
8202,1027
8201,426
8200,1002
8199,186
8198,1253
8197,1348
8196,556
8196,900
8195,1305
8195,1099
8194,441
8191,1730
8190,1160
8189,2150
8188,1126
8187,1149
8186,1695
8185,689
8184,864
8183,1035
8183,1284
8182,1283
8180,1438
8180,519
8179,303
8177,1086
8176,4478
8176,365
8175,1787
8173,1990
8172,1148
8171,1165
8170,728
8169,466
8168,1525
8167,945
8166,617
8165,1167
8164,493
8163,760
8162,1085
8161,1496
8160,768
8159,1924
8158,2251
8157,953
8156,1074
8155,437
8154,530
8153,1459
8152,826
8151,477
8150,794
8149,2218
8148,882
8147,812
8147,737
8146,1579
8144,526
8143,1247
8142,1935
8141,1367
8140,703
8139,1182
8138,994
8138,698
8137,1465
8136,458
8135,618
8135,703
8134,1182
8131,991
8130,1093
8129,398
8128,812
8127,1021
8126,1097
8125,1128
8124,928
8123,1032
8122,1195
8121,950
8120,1820
8119,1025
8117,1392
8116,1399
8115,1246
8114,1192
8113,1620
8112,1183
8111,865
8110,1023
8109,1278
8108,1650
8107,571
8106,838
8106,1087
8105,686
8104,1258
8102,926
8101,1023
8100,740
8099,372
8098,1217
8098,503
8097,871
8096,2155
8095,1351
8094,1033
8093,1239
8092,1661
8091,1362
8090,909
8089,1092
8088,1083
8087,950
8086,755
8086,968
8085,953
8083,1037
8082,1869
8081,669
8080,935
8079,915
8078,409
8077,1369
8076,1454
8075,1152
8074,1725
8073,671
8072,739
8071,1156
8070,2237
8070,1173
8069,964
8068,1025
8066,759
8065,978
8064,1244
8063,1021
8062,1718
8061,932
8060,1329
8059,961
8058,749
8057,866
8056,2374
8055,820
8054,1483
8054,1857
8053,1699
8052,364
8050,2172
8049,982
8048,1219
8048,1181
8046,990
8046,871
8045,607
8043,1043
8042,1440
8042,912
8041,1839
8040,1767
8038,857
8037,994
8036,1440
8035,915
8034,463
8033,1349
8032,1551
8031,581
8030,2534
8029,652
8028,1437
8027,1771
8026,1842
8025,886
8024,2662
8023,651
8022,866
8021,946
8020,1280
8019,650
8018,459
8017,1147
8016,1013
8015,672
8014,690
8013,1245
8012,2259
8011,816
8010,685
8009,878
8008,751
8007,1301
8007,642
8006,1096
8003,738
8002,260
8001,810
8000,1038
8000,671
8000,1410
7999,772
7998,849
7996,756
7995,588
7994,1661
7993,423
7991,1317
7990,1275
7989,515
7988,1198
7987,1090
7986,1129
7985,454
7984,1052
7983,414
7982,1041
7981,990
7980,664
7979,892
7978,812
7977,835
7976,521
7975,894
7974,854
7973,1931
7972,879
7971,818
7970,1321
7969,999
7968,1052
7967,1013
7966,704
7965,496
7964,763
7963,757
7962,607
7961,1073
7959,1795
7958,1005
7957,1605
7956,1546
7954,1932
7954,1417
7953,927
7952,739
7951,1980
7950,1802
7950,592
7949,1443
7947,1296
7947,735
7946,1119
7945,324
7943,1668
7943,1314
7942,1217
7940,2423
7939,855
7938,860
7937,1086
7936,1191
7935,693
7934,970
7933,1220
7932,698
7931,1021
7930,490
7929,2198
7928,1325
7927,1496
7926,1025
7925,1030
7924,1085
7923,1149
7922,1334
7921,715
7920,1166
7919,1394
7919,1076
7918,1227
7916,664
7915,1029
7914,1587
7913,1064
7912,864
7911,1215
7910,768
7909,1320
7908,818
7907,1365
7906,1677
7905,1028
7904,871
7903,554
7902,1519
7901,1458
7900,794
7899,885
7898,816
7897,836
7896,1352
7895,2896
7894,349
7893,2746
7892,1015
7891,742
7890,1238
7889,926
7888,1502
7887,1334
7886,1162
7885,1030
7884,1285
7884,1011
7882,925
7880,1692
7879,810
7878,1253
7877,655
7876,1237
7875,638
7874,1086
7873,115
7872,999
7871,1102
7870,840
7869,1670
7868,1915
7867,1072
7866,979
7865,502
7864,789
7863,1509
7862,1018
7861,714
7860,743
7859,661
7858,1313
7857,1265
7856,1026
7855,1516
7854,337
7853,1027
7853,1019
7852,1099
7851,881
7849,1113
7848,1220
7847,2181
7846,559
7845,2130
7844,1796
7843,492
7842,506
7841,944
7840,834
7839,1200
7838,1246
7837,882
7836,1257
7835,876
7834,2540
7833,1434
7832,1822
7831,1651
7830,1302
7829,1141
7828,1635
7827,1201
7826,691
7825,870
7824,589
7824,1729
7823,1043
7821,875
7820,1529
7819,962
7818,1222
7817,1148
7816,640
7815,1040
7814,1076
7813,881
7812,1262
7811,713
7810,1177
7809,917
7808,946
7807,2049
7806,769
7805,609
7804,1586
7803,1567
7802,566
7801,1281
7800,779
7799,1240
7798,806
7797,1181
7796,775
7795,744
7794,1471
7793,2729
7792,693
7791,1086
7790,846
7789,1989
7788,1693
7787,1304
7786,1144
7785,1291
7784,1655
7784,1157
7783,764
7782,1205
7780,893
7779,1042
7778,776
7777,931
7776,403
7775,2310
7774,625
7773,1278
7772,1092
7771,929
7770,771
7770,1708
7768,1345
7768,328
7767,2199
7765,662
7764,1261
7763,973
7762,1128
7762,1434
7761,2675
7760,823
7758,675
7757,1890
7756,907
7755,690
7754,792
7753,459
7752,1028
7751,1214
7750,659
7749,1871
7748,1127
7747,1033
7746,2037
7746,629
7745,1317
7745,1428
7744,799
7741,751
7740,624
7739,597
7738,1085
7737,964
7736,907
7735,541
7734,1603
7733,1863
7732,1250
7731,1228
7730,897
7729,1080
7728,573
7727,1521
7726,2229
7725,2058
7724,1425
7724,1305
7723,1408
7722,740
7721,1081
7720,1519
7719,852
7718,1090
7717,1849
7715,1532
7714,1073
7713,1955
7712,1051
7711,834
7710,949
7709,1544
7708,1680
7707,1312
7706,715
7705,915
7704,1132
7703,956
7702,978
7701,937
7700,919
7699,1155
7698,509
7697,1900
7696,1445
7695,1219
7694,759
7693,856
7692,1389
7691,896
7690,668
7689,1164
7688,383
7687,936
7687,2068
7685,478
7684,2574
7683,1547
7683,628
7682,629
7681,1216
7680,1281
7679,1046
7678,891
7676,965
7675,1999
7674,553
7673,1803
7672,558
7671,1797
7670,655
7669,335
7668,854
7667,1456
7666,936
7665,1443
7664,1384
7663,743
7662,849
7661,669
7661,1775
7659,779
7658,1022
7658,1286
7657,665
7655,1110
7654,1279
7653,1470
7652,2962
7651,1161
7650,620
7650,1564
7648,1212
7646,179
7645,555
7644,921
7642,636
7642,1070
7641,985
7640,1204
7639,724
7639,617
7638,746
7637,1457
7636,1272
7636,1277
7633,862
7632,972
7631,848
7630,2037
7629,2650
7629,1912
7628,1354
7627,913
7626,1789
7624,553
7623,886
7623,655
7622,889
7621,974
7619,919
7618,994
7617,858
7616,985
7615,1120
7614,1770
7613,714
7612,978
7611,882
7610,882
7610,1152
7609,2494
7608,1128
7606,621
7604,480
7603,1169
7603,3199
7602,435
7601,2470
7600,1015
7599,1515
7598,2310
7597,656
7596,656
7595,1460
7594,1416
7593,1625
7592,1378
7591,831
7590,604
7589,1274
7588,1313
7587,1346
7586,1227
7585,988
7584,784
7583,1844
7582,1199
7581,1185
7580,1367
7579,1499
7578,1129
7577,803
7576,759
7575,772
7574,803
7573,639
7572,708
7571,2038
7570,2695
7569,1245
7568,1162
7567,1773
7566,2132
7565,1668
7564,1226
7563,1188
7562,1426
7561,1701
7560,1230
7559,1450
7558,732
7557,922
7556,1303
7555,976
7554,627
7553,1415
7552,844
7551,1206
7550,515
7549,1231
7549,1558
7548,1094
7547,469
7545,964
7544,675
7543,799
7542,1211
7541,1453
7541,864
7540,2532
7539,564
7538,2215
7537,667
7536,791
7534,1301
7533,759
7533,806
7532,1017
7531,805
7529,864
7528,1742
7527,897
7526,628
7525,1170
7524,873
7523,873
7522,1124
7521,1138
7520,955
7519,801
7518,1379
7517,1007
7517,1886
7516,888
7515,980
7514,1022
7512,314
7511,400
7510,1990
7509,1229
7508,1822
7507,856
7506,1448
7505,899
7504,671
7503,1529
7502,950
7501,1034
7500,1180
7499,2010
7498,639
7498,545
7497,713
7496,599
7495,1120
7493,2584
7492,1773
7491,1105
7490,704
7489,1387
7488,489
7487,1232
7486,1066
7485,2457
7484,850
7484,508
7483,1093
7481,919
7480,880
7479,936
7478,489
7477,379
7476,2550
7475,1680
7474,972
7473,1137
7472,594
7472,1604
7471,840
7470,666
7468,739
7467,1690
7466,1430
7465,1571
7464,1281
7463,2321
7462,414
7461,1120
7460,1575
7459,2224
7458,1012
7457,977
7456,862
7455,618
7454,2580
7454,892
7453,1121
7452,997
7450,1339
7449,1444
7447,986
7446,1984
7445,550
7444,1217
7443,815
7442,720
7441,999
7440,897
7439,2376
7438,1868
7437,429
7436,399
7435,1289
7434,263
7433,664
7433,549
7432,1083
7431,1483
7429,968
7428,1051
7427,2552
7426,1320
7425,1008
7424,1100
7423,1635
7422,662
7421,1017
7420,1683
7419,1472
7418,1066
7418,1063
7417,838
7416,678
7415,1275
7414,1051
7413,972
7412,289
7411,1110
7410,1204
7409,1088
7408,998
7407,1138
7406,432
7405,1125
7404,1038
7403,1500
7402,1328
7402,1666
7401,1229
7400,583
7398,1108
7397,1124
7396,713
7395,458
7394,1316
7393,395
7392,1698
7391,856
7390,1055
7389,976
7388,558
7387,682
7386,492
7385,836
7384,1363
7383,3308
7382,834
7381,1279
7380,1289
7380,908
7379,1233
7377,599
7376,957
7375,1227
7375,1037
7374,1230
7373,619
7371,1403
7370,1614
7369,479
7368,1002
7367,883
7366,3061
7365,533
7364,1019
7363,1137
7362,889
7361,366
7361,2533
7360,1082
7359,973
7359,347
7358,1760
7355,758
7354,1928
7353,1165
7352,1167
7351,909
7350,1839
7349,1123
7348,3523
7347,1388
7346,856
7345,1663
7344,1009
7343,1327
7343,660
7341,823
7340,1439
7339,965
7338,1917
7337,1640
7336,707
7335,993
7334,2423
7333,1021
7332,1284
7332,2913
7331,513
7330,1610
7328,1426
7327,703
7326,524
7325,719
7324,1000
7323,1371
7322,927
7321,1069
7320,848
7319,1369
7318,1052
7317,868
7316,1015
7315,1150
7314,1149
7313,947
7312,384
7311,1999
7310,527
7309,2456
7308,1584
7307,1026
7306,1709
7305,1117
7304,728
7303,3417
7302,753
7301,1308
7301,1229
7300,1468
7299,848
7298,1217
7296,679
7296,1721
7295,1458
7295,954
7294,1069
7293,608
7291,1088
7290,1272
7289,907
7288,1617
7287,1094
7286,1795
7285,2730
7284,1734
7283,999
7282,641
7281,711
7280,1888
7279,738
7278,1214
7277,697
7276,217
7275,2000
7274,1141
7273,713
7272,1918
7271,728
7270,1378
7269,998
7268,1484
7267,1429
7266,1333
7265,1036
7264,1414
7263,1905
7262,1982
7261,1239
7260,762
7259,904
7258,677
7257,1000
7256,1053
7255,501
7254,762
7253,1074
7252,1105
7251,398
7250,1242
7249,2465
7248,794
7247,2367
7247,449
7246,1679
7245,844
7244,1136
7242,1353
7241,439
7240,1017
7239,1929
7238,1301
7237,606
7236,674
7235,827
7235,1700
7234,1033
7233,1401
7232,1322
7230,1010
7229,1660
7228,992
7227,1126
7226,528
7225,1096
7224,2246
7223,1298
7222,1545
7221,1494
7220,3621
7219,940
7219,1175
7218,770
7216,1144
7215,876
7214,931
7213,668
7212,1389
7210,1144
7209,1028
7208,1234
7207,949
7206,419
7205,1016
7204,1632
7203,1143
7202,816
7201,1706
7200,1429
7200,536
7199,1789
7198,1736
7198,1826
7196,1641
7194,1182
7193,909
7192,845
7191,1026
7190,650
7189,1379
7188,515
7186,769
7185,1418
7184,653
7184,1179
7183,844
7182,858
7181,774
7180,1258
7179,648
7178,624
7177,1205
7176,1057
7176,1235
7175,435
7174,965
7173,1499
7171,1075
7170,1318
7169,1541
7169,1248
7167,453
7166,1131
7165,1929
7164,1934
7163,846
7163,859
7162,310
7160,1317
7159,924
7158,809
7157,2176
7157,1321
7156,786
7155,819
7154,1002
7152,996
7151,1610
7150,1904
7149,1560
7149,1279
7148,1334
7147,616
7145,907
7144,1007
7143,1644
7142,1151
7141,607
7140,849
7139,1296
7138,1537
7137,830
7136,1856
7135,744
7134,577
7133,1290
7132,1290
7131,925
7130,929
7129,137
7128,1641
7127,908
7126,887
7125,1322
7124,2086
7122,1191
7121,977
7120,2320
7119,848
7118,912
7117,1289
7115,843
7114,466
7113,1000
7112,1287
7112,1186
7111,452
7110,1807
7109,1735
7108,1425
7107,595
7107,996
7105,1557
7104,1531
7102,1121
7101,1898
7100,725
7099,992
7098,897
7098,361
7097,698
7096,661
7095,774
7094,1231
7093,2103
7091,1390
7089,1003
7088,1948
7087,2091
7086,1174
7085,854
7084,1320
7083,1290
7082,1109
7081,2278
7080,894
7079,1200
7078,834
7077,330
7076,802
7075,1053
7074,1302
7073,1308
7073,913
7072,520
7070,971
7069,1411
7068,997
7067,1586
7066,792
7065,4382
7064,556
7064,1550
7063,1674
7063,1042
7062,1025
7061,1295
7060,499
7057,1048
7056,1308
7055,952
7054,474
7053,859
7052,918
7051,1161
7050,525
7049,1829
7048,370
7047,1562
7046,861
7045,458
7044,923
7043,773
7042,1010
7041,1479
7040,901
7039,1477
7038,779
7037,1114
7036,2775
7035,1103
7034,738
7033,491
7032,1360
7031,989
7030,495
7029,562
7028,712
7027,881
7026,1438
7025,1390
7024,1404
7023,818
7022,756
7021,730
7020,1234
7019,1144
7018,501
7017,1051
7016,1427
7015,1379
7013,1463
7012,765
7010,881
7009,995
7008,787
7007,932
7006,1376
7005,3396
7004,2104
7003,950
7002,627
7001,1488
7000,959
6999,740
6998,956
6997,950
6996,1536
6995,1741
6994,834
6993,1729
6993,3334
6992,1217
6991,748
6990,906
6989,2771
6988,648
6987,1350
6986,1619
6986,1176
6985,1453
6984,1079
6983,1762
6983,2015
6982,1055
6981,855
6980,986
6979,1427
6977,855
6976,645
6975,1271
6975,922
6974,1009
6972,803
6971,857
6970,2666
6968,1723
6967,1180
6966,857
6965,1059
6964,1074
6963,1456
6962,897
6961,1376
6960,1810
6959,902
6958,1241
6958,656
6957,1832
6956,893
6955,257
6954,1110
6953,770
6952,670
6951,659
6950,1845
6949,1167
6948,855
6947,1162
6946,863
6945,1589
6944,797
6943,643
6942,1797
6941,756
6940,1863
6939,1106
6938,1154
6937,2043
6936,1129
6935,1470
6934,289
6933,2475
6932,911
6931,543
6930,948
6930,800
6929,2042
6928,744
6927,1437
6926,1466
6925,942
6924,622
6923,1145
6922,1103
6921,950
6920,765
6918,1912
6917,1135
6916,617
6915,1308
6914,1057
6913,1122
6913,1441
6912,670
6911,2443
6910,995
6910,760
6908,1177
6907,1515
6907,939
6906,1504
6904,1048
6903,4063
6902,934
6901,860
6900,1176
6900,857
6899,607
6898,877
6897,2245
6896,749
6895,2346
6894,1216
6893,1163
6892,758
6891,659
6890,428
6889,924
6888,1238
6888,650
6887,1299
6886,2375
6885,1526
6884,2024
6884,1441
6881,1174
6880,782
6879,1644
6878,898
6877,329
6876,1636
6875,1206
6874,1817
6873,1375
6872,1196
6871,1080
6870,1798
6869,923
6868,1167
6867,909
6866,910
6865,1296
6864,828
6864,1161
6863,1546
6862,1563
6861,1204
6860,1017
6859,849
6858,2099
6857,1595
6856,1195
6855,1436
6854,1616
6853,1538
6852,324
6851,1529
6850,1662
6849,1322
6848,845
6848,1435
6847,1229
6845,1974
6844,2150
6843,700
6842,670
6841,946
6840,1336
6839,2577
6838,965
6837,2910
6836,1648
6835,589
6834,1335
6833,1219
6832,1053
6831,621
6830,1776
6829,713
6828,678
6827,756
6826,840
6825,862
6824,908
6823,1391
6822,1419
6821,1370
6820,1131
6819,1173
6818,993
6817,1009
6816,782
6815,1034
6815,2089
6814,967
6812,1239
6811,530
6810,1292
6809,1123
6808,1202
6808,737
6806,1254
6805,733
6804,1054
6803,1877
6802,904
6801,1197
6800,343
6798,1155
6798,1361
6797,1236
6796,904
6795,827
6793,1140
6792,975
6791,1042
6790,950
6788,1959
6787,1292
6786,1517
6785,1497
6784,1165
6784,1061
6783,1294
6782,1023
6781,582
6780,1293
6779,678
6778,1458
6776,781
6775,2197
6774,471
6773,734
6773,799
6772,2241
6772,1728
6771,1039
6770,1056
6769,1045
6766,592
6765,1221
6764,615
6764,1475
6763,826
6761,807
6760,379
6759,845
6758,1301
6757,724
6756,1078
6755,964
6754,1103
6753,1751
6753,1107
6752,577
6752,2957
6751,413
6750,805
6749,1147
6746,1260
6745,447
6744,340
6743,1292
6742,650
6741,1334
6740,702
6739,1118
6738,2457
6737,1822
6736,1344
6735,1211
6734,659
6733,1204
6732,1098
6731,790
6730,930
6729,492
6728,776
6727,1143
6726,1555
6725,816
6724,1224
6723,713
6722,492
6721,1151
6720,250
6719,1644
6718,1082
6717,2090
6717,1445
6716,1212
6715,874
6714,1241
6713,619
6711,1308
6710,1005
6709,468
6708,1321
6707,841
6706,986
6705,666
6704,734
6704,532
6703,1110
6702,695
6700,1670
6699,698
6698,840
6697,566
6696,1787
6695,1139
6694,1356
6693,1233
6692,1314
6691,1121
6690,707
6689,2001
6688,1280
6687,1239
6686,738
6685,902
6684,1157
6683,1084
6682,1552
6681,762
6680,1326
6679,957
6678,1185
6677,1889
6676,603
6675,1008
6674,1186
6673,1040
6672,1222
6671,745
6670,2526
6669,1903
6668,1426
6667,529
6667,1136
6666,1225
6664,1432
6663,793
6662,1856
6661,319
6660,433
6659,1413
6658,728
6657,780
6656,1100
6655,545
6654,826
6653,706
6652,1105
6651,164
6650,2256
6650,766
6648,864
6647,739
6646,1257
6645,1886
6644,4016
6643,1562
6642,1339
6641,982
6640,1394
6639,1211
6638,1133
6637,945
6637,913
6636,646
6634,706
6633,999
6632,1660
6631,796
6630,1540
6630,1561
6629,926
6628,932
6626,3427
6625,465
6624,902
6623,1506
6622,1196
6621,1050
6621,1359
6620,1203
6618,693
6617,820
6616,1137
6615,1159
6614,1515
6613,1201
6611,399
6611,1821
6610,1473
6609,1126
6608,1445
6607,569
6607,1278
6606,1208
6605,938
6603,1064
6602,609
6601,656
6600,1228
6599,577
6599,1154
6598,1268
6597,414
6594,1974
6593,960
6592,1182
6591,1261
6590,683
6589,1657
6588,1038
6587,1159
6586,883
6585,1537
6584,863
6583,956
6583,1432
6582,1653
6581,733
6580,2676
6579,678
6578,1951
6578,2367
6577,826
6577,3512
6574,1014
6574,1873
6572,1426
6571,780
6570,1409
6568,1409
6567,264
6566,489
6565,1889
6563,1410
6562,1241
6561,802
6560,1774
6559,1544
6558,883
6557,788
6557,931
6555,476
6555,1517
6553,1141
6552,2523
6551,801
6550,863
6549,1888
6548,941
6547,1173
6546,1627
6545,1505
6544,2191
6543,960
6542,1127
6541,415
6540,924
6539,1533
6538,1171
6537,1107
6536,964
6535,865
6534,804
6533,1329
6532,896
6531,1571
6530,1512
6529,1180
6528,740
6527,820
6526,2008
6525,1027
6524,895
6523,1207
6522,580
6521,833
6520,865
6519,1695
6518,1324
6517,1021
6516,1298
6515,725
6514,1255
6513,1639
6512,1671
6511,1811
6510,2190
6509,1363
6509,1118
6508,1004
6505,1163
6505,1279
6504,1201
6503,1524
6502,1076
6501,166
6499,1803
6498,2407
6497,1153
6496,1237
6495,987
6494,1368
6494,2761
6493,2670
6492,1284
6491,1605
6490,712
6489,807
6488,960
6486,925
6485,1000
6484,941
6483,747
6483,784
6482,1470
6481,782
6480,702
6479,2287
6478,763
6477,1714
6476,590
6475,1224
6475,1381
6474,1353
6473,1853
6472,1336
6471,1344
6470,1802
6469,774
6468,987
6467,1018
6466,1041
6465,702
6465,2081
6463,1342
6462,850
6461,1034
6460,1574
6459,1429
6458,1181
6457,1230
6456,705
6455,1382
6454,1481
6453,816
6452,1248
6451,1266
6450,850
6449,677
6448,1758
6447,1580
6446,1173
6445,903
6444,837
6443,2021
6442,1792
6441,1121
6440,481
6439,1220
6438,631
6437,1461
6436,1857
6435,638
6434,1639
6433,928
6432,1092
6431,956
6430,1145
6429,1064
6428,1484
6427,1091
6426,895
6425,631
6424,1138
6424,1832
6422,1351
6421,1273
6420,1297
6419,850
6418,653
6417,1071
6416,980
6415,1702
6415,2496
6412,1208
6412,1065
6411,1039
6410,945
6409,855
6408,579
6407,1060
6406,1319
6404,768
6403,1297
6403,1561
6401,1221
6400,982
6399,1269
6398,960
6397,1287
6396,553
6395,1216
6394,1472
6393,2261
6392,1020
6391,689
6390,671
6389,1324
6388,1461
6387,1248
6386,1446
6385,953
6385,922
6384,787
6383,678
6382,382
6381,1814
6380,1656
6379,1360
6378,843
6377,308
6376,664
6375,1009
6374,1137
6372,2852
6372,615
6371,820
6370,950
6369,843
6368,731
6367,1522
6366,2118
6366,755
6365,760
6364,951
6363,905
6362,1426
6361,1083
6360,1955
6359,1365
6358,967
6357,1415
6356,1003
6355,976
6354,1107
6353,2105
6352,2309
6351,760
6350,498
6349,722
6348,532
6347,1570
6346,1277
6345,877
6344,1471
6343,1451
6341,2212
6340,381
6339,642
6338,508
6337,1045
6336,796
6335,468
6335,1497
6334,1081
6333,735
6332,480
6331,1589
6330,1675
6328,1009
6327,1295
6326,878
6325,1359
6324,1911
6323,1326
6322,927
6321,2462
6321,1642
6320,2315
6318,714
6317,1456
6317,783
6316,1054
6315,763
6314,857
6313,1551
6312,1008
6311,929
6309,1299
6308,2146
6307,467
6306,426
6305,826
6304,1391
6303,2208
6302,1422
6301,804
6300,1211
6299,1050
6298,657
6297,389
6296,2108
6295,1059
6295,453
6294,983
6293,1253
6292,1130
6291,1059
6290,643
6289,550
6288,623
6287,1451
6286,744
6286,1206
6285,941
6283,764
6282,877
6282,2694
6281,1194
6280,1713
6279,1393
6278,1714
6277,1019
6276,1321
6275,1535
6274,1771
6273,1559
6272,600
6271,644
6270,658
6269,1648
6268,1472
6267,633
6266,1236
6265,928
6264,2344
6263,1541
6262,1097
6261,704
6260,1801
6259,1542
6258,631
6257,1096
6256,1101
6255,2338
6255,1590
6255,731
6255,1528
6252,979
6251,1094
6248,1254
6247,1386
6246,1065
6244,1704
6243,977
6243,1173
6242,1659
6241,1081
6240,622
6239,1835
6238,1724
6237,2912
6236,1022
6235,584
6234,2422
6233,805
6233,1384
6232,1448
6231,487
6230,1577
6229,848
6229,1520
6227,596
6226,779
6225,953
6224,1665
6222,703
6221,623
6220,2821
6219,753
6218,934
6217,592
6216,1638
6215,1855
6214,2398
6213,1257
6212,656
6211,1650
6210,1125
6209,2074
6208,1285
6207,626
6206,821
6205,933
6204,691
6203,604
6202,958
6201,805
6200,958
6199,1795
6198,1044
6197,1562
6196,1648
6195,1300
6194,755
6193,387
6192,829
6190,814
6189,1244
6188,1122
6187,1453
6186,1138
6186,1459
6185,942
6184,1152
6183,609
6182,1194
6180,939
6179,909
6178,1896
6177,2440
6176,1284
6175,1248
6174,1452
6173,942
6172,689
6171,1206
6170,1344
6169,853
6169,1270
6168,1254
6168,471
6167,1006
6166,860
6165,2040
6162,1525
6162,773
6161,618
6160,1006
6158,1951
6157,1530
6156,1398
6155,1626
6154,1764
6153,1374
6152,1724
6151,972
6150,1289
6149,729
6148,644
6147,1318
6146,984
6144,1691
6143,818
6142,1732
6141,1113
6140,746
6139,1162
6138,1525
6137,1111
6136,1301
6135,1941
6134,1812
6133,2857
6132,921
6131,1840
6130,246
6129,740
6128,3081
6128,452
6127,1231
6126,843
6125,1262
6124,796
6124,1041
6123,1992
6121,1724
6120,887
6119,1564
6118,933
6117,1591
6116,1007
6115,704
6115,881
6114,766
6113,1099
6112,635
6111,1125
6110,811
6109,547
6108,1254
6107,1632
6106,2162
6105,1161
6104,1449
6103,915
6102,1171
6101,924
6100,1860
6099,902
6098,1140
6097,757
6096,582
6095,898
6094,656
6094,1238
6092,709
6092,2231
6091,1954
6090,1821
6089,714
6087,1285
6086,870
6085,1204
6084,1831
6084,845
6083,783
6081,2293
6080,841
6079,275
6077,1226
6076,1278
6076,1434
6075,682
6074,837
6073,1388
6072,1300
6071,1195
6070,848
6069,1031
6068,1745
6067,1615
6066,1448
6065,622
6064,1570
6063,1068
6062,1758
6061,1705
6060,626
6059,1453
6058,889
6057,1496
6056,1218
6055,802
6055,1415
6053,1578
6052,830
6051,738
6051,1077
6049,2539
6048,850
6047,665
6046,1855
6045,439
6044,742
6043,1296
6042,705
6041,1377
6040,2308
6040,1109
6039,1657
6037,1699
6036,1994
6035,1046
6034,977
6033,907
6032,1056
6031,1138
6030,839
6030,1324
6028,5565
6027,1023
6026,1277
6025,1440
6024,1443
6024,601
6023,424
6021,1336
6020,1566
6019,1573
6018,1118
6017,1904
6016,1405
6015,1189
6013,925
6013,1032
6012,1104
6011,706
6010,869
6009,1291
6008,1521
6007,1501
6006,796
6005,1214
6004,1159
6003,1551
6003,1370
6002,876
6001,1250
6000,1167
5998,1070
5997,1193
5996,627
5995,3527
5995,1084
5993,990
5992,1249
5991,1568
5990,1156
5990,567
5989,1224
5987,1599
5986,507
5985,1019
5984,804
5983,1432
5982,466
5981,1152
5980,1589
5979,760
5978,1889
5977,863
5976,846
5975,373
5974,1007
5973,825
5972,2740
5971,1048
5970,912
5969,784
5969,1297
5967,744
5966,1033
5965,479
5964,1544
5963,1084
5962,726
5960,2193
5959,894
5958,979
5957,1210
5956,1506
5955,953
5954,1132
5953,924
5952,1455
5951,733
5950,980
5949,891
5948,1154
5947,1700
5946,1378
5945,1773
5944,764
5943,1065
5942,1349
5941,1606
5940,2737
5939,1217
5938,2485
5937,739
5936,1650
5935,615
5934,1794
5933,1028
5933,1758
5932,652
5932,1577
5931,653
5930,842
5929,1060
5928,1062
5927,1488
5926,565
5925,658
5923,810
5922,1459
5921,819
5920,1793
5919,1351
5918,1589
5917,2276
5916,997
5915,285
5914,1135
5913,843
5912,841
5911,2077
5910,1397
5909,526
5908,902
5907,1611
5906,548
5905,1363
5904,1598
5903,975
5902,694
5901,1465
5900,1442
5899,1244
5898,1446
5897,586
5896,1611
5895,569
5894,1603
5893,745
5892,1176
5891,1521
5890,1999
5889,1471
5888,1253
5887,964
5886,895
5885,1967
5884,1329
5884,1909
5883,934
5882,1623
5880,721
5880,460
5878,1566
5877,1860
5876,1224
5875,2717
5874,856
5873,2335
5872,442
5871,2316
5870,874
5869,1096
5868,1235
5867,3206
5867,1942
5866,1660
5864,831
5863,1763
5862,714
5861,1311
5860,1058
5859,1068
5858,836
5857,1362
5856,1005
5855,2275
5854,957
5853,1292
5852,988
5851,1712
5850,2100
5849,1150
5849,726
5848,1837
5847,1171
5846,797
5846,1573
5845,1455
5844,933
5843,1251
5841,2515
5840,698
5839,1614
5838,799
5837,1562
5836,1031
5835,1118
5835,347
5834,968
5832,1539
5831,2276
5830,1226
5829,1398
5828,158
5827,881
5826,1101
5825,1109
5825,1465
5823,764
5822,2597
5822,1936
5820,1122
5819,1189
5818,867
5817,805
5816,1636
5815,1021
5814,2453
5813,906
5813,1269
5811,2040
5810,531
5810,1295
5809,1614
5807,803
5806,1585
5806,1027
5805,727
5803,1843
5802,1570
5801,1089
5800,1243
5799,1107
5798,770
5797,910
5796,1107
5795,468
5794,770
5793,860
5792,550
5791,744
5790,1033
5789,1398
5789,1491
5787,1342
5786,861
5785,630
5784,860
5783,1309
5782,913
5781,1319
5781,2771
5779,975
5778,3096
5777,1101
5776,1813
5775,1758
5774,2103
5773,1304
5772,521
5771,1595
5770,1091
5769,802
5768,2601
5767,1329
5766,1273
5765,1126
5764,1100
5763,1270
5763,879
5761,988
5760,1207
5759,1060
5758,842
5757,1262
5756,646
5755,1159
5754,1410
5753,1392
5752,886
5751,1155
5750,1883
5750,1312
5748,1425
5747,1313
5746,797
5745,986
5744,1446
5743,721
5742,614
5741,1764
5740,1343
5739,582
5738,1089
5737,594
5736,858
5735,541
5734,1141
5733,1142
5732,1974
5731,909
5731,994
5729,721
5728,1536
5727,968
5727,1411
5726,1310
5724,1026
5723,686
5722,1984
5721,1468
5720,1036
5719,532
5718,1731
5717,893
5716,562
5715,1992
5714,1999
5713,133
5712,977
5711,1871
5711,1507
5709,1102
5708,1514
5707,1253
5707,1378
5706,911
5704,1173
5703,931
5701,3070
5700,1255
5699,1565
5698,806
5697,1263
5696,1190
5695,851
5694,528
5693,999
5692,818
5691,1231
5690,396
5689,2857
5688,2297
5687,590
5687,1554
5684,1193
5683,602
5682,1368
5681,1043
5680,677
5679,1692
5679,1385
5678,499
5675,541
5674,1361
5673,896
5672,1521
5671,722
5670,1102
5669,648
5668,632
5667,1158
5667,1696
5666,1064
5663,1439
5662,582
5661,601
5659,1041
5658,853
5657,1486
5656,848
5655,1888
5654,1738
5653,800
5652,904
5651,1000
5651,1088
5650,1352
5649,1127
5648,979
5647,1011
5646,1232
5645,1253
5644,1299
5643,1044
5642,851
5641,1211
5640,1066
5639,1330
5638,1200
5637,802
5636,934
5635,2104
5634,3316
5633,1314
5632,1626
5631,548
5630,1158
5629,1624
5628,1155
5627,465
5626,1407
5625,1795
5625,938
5624,1374
5623,1402
5622,1612
5621,1297
5620,1186
5619,1542
5618,388
5617,2324
5616,1295
5615,921
5614,779
5613,1023
5612,1845
5611,263
5610,1110
5609,786
5608,699
5607,1931
5606,1025
5605,1831
5604,1099
5603,1566
5602,645
5601,477
5600,1541
5599,907
5598,750
5597,740
5596,999
5595,837
5594,1389
5593,1578
5593,534
5592,1187
5590,620
5589,2462
5588,1946
5587,1064
5586,973
5585,1029
5584,1214
5583,982
5582,1603
5582,496
5581,873
5580,1065
5579,1541
5579,737
5577,517
5576,626
5575,1031
5574,655
5573,3742
5572,1043
5571,680
5570,1357
5569,1591
5568,1167
5567,744
5566,583
5565,1270
5565,1386
5564,1842
5563,454
5561,1293
5560,1486
5559,528
5558,760
5557,898
5556,1399
5555,1451
5553,824
5552,953
5551,1125
5550,1790
5549,554
5548,1485
5547,496
5546,631
5546,1252
5545,1853
5544,590
5543,1922
5542,437
5541,1780
5540,866
5540,1268
5538,695
5537,1182
5536,1211
5535,1028
5534,1075
5534,614
5533,2242
5532,557
5531,1510
5531,1119
5530,762
5529,220
5528,737
5527,1834
5526,1143
5524,1416
5524,1842
5523,2170
5521,1332
5520,549
5520,1273
5519,1521
5518,830
5516,1195
5515,1044
5514,1163
5514,1852
5512,1594
5511,1824
5510,699
5509,584
5508,514
5507,1337
5506,1152
5505,1417
5504,1261
5503,1276
5503,681
5502,474
5502,792
5500,2268
5500,815
5498,1273
5496,965
5495,2393
5494,926
5493,1199
5492,930
5491,614
5490,677
5489,1251
5488,1454
5487,536
5486,984
5485,1112
5484,1754
5483,1234
5482,1779
5481,1552
5480,1043
5479,918
5479,2016
5478,964
5476,846
5475,2577
5474,1345
5473,796
5472,2436
5471,1088
5470,1510
5469,2081
5468,1315
5468,1743
5466,1251
5465,1236
5464,1938
5463,589
5462,1382
5461,1127
5460,593
5459,800
5458,638
5457,1088
5456,853
5455,1531
5454,1223
5453,1313
5452,1065
5451,659
5450,964
5449,1368
5448,683
5447,989
5446,1559
5445,1424
5444,818
5443,980
5442,797
5442,2616
5441,1889
5439,665
5439,634
5438,1082
5436,1337
5435,2375
5434,1146
5433,1081
5431,571
5430,1188
5429,981
5428,652
5427,1578
5426,1070
5425,753
5424,1269
5423,948
5422,900
5421,1895
5420,1782
5419,1888
5418,1727
5418,1831
5417,1320
5416,1320
5414,1871
5413,1374
5412,1506
5411,1581
5410,829
5409,1802
5408,4634
5407,1276
5406,1082
5405,2649
5404,1238
5403,1577
5402,1455
5401,1352
5400,1780
5399,1803
5399,1162
5398,1467
5397,1843
5395,659
5394,972
5393,2082
5392,743
5390,957
5389,1414
5388,2566
5387,1306
5386,917
5386,2208
5385,770
5384,1226
5383,423
5383,1537
5381,643
5380,1119
5379,1517
5378,1044
5377,1537
5376,966
5375,718
5374,1366
5373,1010
5372,1011
5372,1965
5371,1017
5370,782
5370,1691
5369,1287
5367,1204
5366,961
5365,1235
5365,1229
5363,1151
5362,1030
5362,1625
5360,1017
5359,705
5358,344
5357,1036
5356,1160
5355,1416
5354,1149
5353,967
5352,1155
5351,896
5350,1037
5349,1333
5348,1270
5348,957
5347,1069
5345,1624
5344,1057
5343,1243
5342,1119
5341,2367
5340,905
5339,1090
5339,768
5338,573
5336,892
5336,609
5334,1293
5334,1334
5333,1026
5331,900
5330,1913
5329,952
5328,986
5327,971
5326,608
5325,813
5325,1734
5324,1426
5322,2331
5321,1161
5320,685
5319,1431
5319,880
5318,1110
5316,798
5315,1328
5313,581
5312,861
5311,937
5310,2556
5309,925
5308,1267
5308,1278
5307,1035
5305,960
5304,1441
5303,838
5302,909
5301,1496
5300,1703
5299,1079
5298,1489
5297,1676
5296,731
5295,1125
5294,917
5293,913
5292,887
5291,975
5290,928
5289,1956
5288,884
5287,723
5286,1020
5286,1156
5284,1557
5283,1526
5282,1461
5281,1806
5280,1208
5279,2120
5278,1016
5277,1161
5276,1030
5275,1547
5275,1134
5273,785
5272,2034
5271,681
5270,1300
5269,1996
5268,902
5267,1401
5266,1252
5265,1975
5265,1228
5264,1087
5262,2145
5262,2645
5260,1195
5259,785
5258,1232
5257,1821
5256,1181
5255,1211
5254,1511
5253,2216
5252,1015
5251,1072
5250,941
5249,540
5248,2302
5247,1129
5246,1107
5245,869
5243,1653
5242,909
5241,432
5241,1597
5240,1602
5239,915
5238,1483
5237,2151
5236,1774
5235,1830
5234,2135
5233,1205
5232,1057
5231,1582
5230,2240
5229,951
5228,1437
5227,765
5226,540
5225,975
5224,1093
5223,1207
5222,1502
5221,1810
5220,428
5219,1158
5218,583
5217,1388
5216,739
5215,1203
5214,1430
5213,429
5212,1335
5211,736
5210,1075
5209,1182
5208,680
5207,489
5207,964
5206,1522
5205,1053
5203,192
5202,1670
5202,597
5201,1599
5200,2103
5199,1710
5198,1266
5197,1117
5196,1553
5195,953
5194,1153
5193,958
5192,502
5191,1163
5190,864
5189,1762
5188,1788
5187,1572
5186,691
5186,3108
5185,1231
5184,838
5183,1352
5181,1485
5180,861
5179,943
5179,1694
5178,2014
5177,947
5176,896
5174,1199
5173,1326
5172,1566
5171,1709
5170,700
5170,1103
5169,930
5169,1193
5168,1208
5166,1033
5165,628
5164,2088
5163,1914
5162,894
5161,1601
5160,879
5159,899
5158,1403
5157,1577
5156,1325
5155,898
5154,2917
5154,1344
5153,2328
5151,493
5150,649
5150,1610
5149,653
5147,1492
5146,1078
5145,1074
5144,818
5143,1186
5142,1580
5141,1304
5140,942
5139,790
5139,1167
5137,1080
5136,1398
5136,457
5135,1102
5133,1179
5132,809
5131,1634
5130,643
5130,673
5128,1413
5127,1445
5126,1158
5125,2623
5124,898
5123,1871
5122,1594
5121,1178
5120,1501
5119,1683
5118,1861
5117,3004
5116,275
5115,1116
5114,1454
5113,1205
5112,455
5111,872
5110,815
5109,1693
5108,575
5107,480
5106,1025
5105,1759
5104,1031
5103,1000
5102,959
5101,1972
5100,1826
5099,1587
5098,2178
5097,1151
5096,1170
5095,671
5094,1686
5093,592
5092,1750
5091,882
5090,866
5090,1460
5088,1614
5087,803
5086,1689
5085,613
5084,1409
5083,1228
5082,1867
5081,1014
5080,663
5079,1243
5078,1810
5077,1584
5076,419
5075,1362
5074,1537
5073,843
5072,1035
5071,655
5070,1296
5069,1224
5068,1122
5067,1366
5066,1065
5065,1869
5065,1107
5063,1088
5062,960
5061,966
5060,713
5059,1087
5058,1581
5057,784
5056,1039
5055,1712
5054,961
5053,1101
5052,1686
5051,1285
5050,1456
5049,1121
5048,2263
5047,990
5046,1195
5045,1933
5044,797
5043,615
5042,2698
5041,714
5040,1166
5039,1831
5038,1499
5037,1526
5036,792
5035,1124
5034,1475
5033,2000
5032,833
5031,1382
5030,821
5029,693
5028,2221
5027,896
5027,1035
5025,836
5024,1093
5023,1440
5022,2199
5021,856
5020,573
5019,1154
5018,1252
5017,1841
5016,1490
5015,1302
5014,1933
5013,1607
5013,782
5011,681
5010,746
5009,1299
5008,1327
5007,1433
5006,434
5005,991
5004,1667
5003,1402
5002,2127
5001,1108
5000,2033
4999,755
4998,681
4997,1299
4996,1130
4995,978
4994,1141
4993,1793
4992,2177
4991,1123
4990,1160
4989,1168
4988,1202
4987,1471
4986,1176
4985,1257
4984,890
4983,2321
4982,1142
4981,810
4980,1818
4979,829
4978,1448
4977,611
4976,954
4975,1005
4974,1027
4973,684
4972,1196
4971,1036
4970,1003
4969,1148
4968,1039
4967,668
4966,868
4965,789
4964,911
4964,1509
4963,1531
4961,2262
4960,1350
4959,1358
4958,2814
4957,688
4956,1322
4955,1366
4954,2492
4953,1382
4952,480
4951,2188
4950,1850
4949,813
4948,1152
4947,1210
4946,1489
4945,822
4944,1156
4943,1036
4942,1703
4942,703
4941,431
4939,1342
4938,1383
4937,1619
4936,1431
4934,1288
4934,1166
4933,471
4932,807
4931,1710
4930,1159
4929,2046
4928,523
4927,1194
4926,1066
4925,1038
4924,1700
4923,1134
4922,1483
4921,1263
4920,748
4919,1524
4918,1025
4917,957
4916,811
4915,1087
4914,1081
4913,1080
4913,927
4911,1223
4910,1200
4909,934
4908,509
4907,495
4906,1127
4905,1158
4904,1105
4903,943
4902,1175
4901,1223
4900,692
4899,710
4898,1134
4897,1041
4896,2065
4896,755
4894,816
4893,2338
4892,719
4891,963
4890,642
4889,836
4889,1710
4887,655
4886,2594
4885,1598
4884,729
4883,1564
4881,839
4881,995
4880,1312
4879,1430
4878,1660
4877,791
4875,1509
4874,1058
4873,3605
4872,953
4871,1199
4870,733
4869,895
4868,520
4867,957
4866,1426
4865,2367
4864,968
4863,1378
4862,454
4861,524
4860,1150
4859,1390
4858,890
4857,705
4856,758
4855,2259
4854,1084
4853,2740
4852,1465
4851,1607
4850,943
4849,1000
4848,1057
4848,2006
4846,1314
4845,2080
4845,1867
4844,1682
4843,2449
4841,2578
4840,1784
4839,1602
4838,1050
4838,1400
4837,1046
4835,1452
4834,2107
4833,1142
4832,1237
4831,1200
4830,1219
4829,3051
4828,1550
4827,1855
4827,1169
4826,1538
4824,1557
4823,689
4822,959
4821,1414
4820,1051
4819,714
4818,1055
4817,1029
4816,592
4815,1871
4815,1362
4814,709
4813,1775
4813,1032
4810,803
4809,1261
4808,720
4807,944
4806,1159
4805,1121
4804,784
4803,919
4802,803
4801,1444
4800,1553
4799,657
4798,865
4797,822
4796,1011
4795,1143
4794,1498
4793,1004
4792,845
4790,874
4789,915
4788,655
4787,860
4786,1866
4785,1244
4784,1669
4783,782
4782,1120
4781,1136
4780,3182
4779,1956
4778,707
4777,958
4776,1395
4775,1872
4774,2323
4774,1209
4772,830
4771,1923
4770,1031
4769,1868
4768,744
4767,1939
4766,955
4765,1353
4764,1110
4763,1232
4762,902
4761,651
4760,1389
4759,1700
4758,1321
4757,1308
4756,1718
4755,1398
4754,1170
4753,1400
4752,1210
4751,846
4750,2116
4749,963
4748,739
4747,872
4746,658
4745,987
4744,877
4743,1499
4742,1322
4741,869
4740,1429
4739,1380
4738,663
4737,1816
4736,1143
4734,866
4733,948
4732,1731
4731,1673
4731,1304
4730,1437
4729,1729
4728,501
4726,890
4726,1368
4725,1081
4723,180
4722,248
4721,1033
4720,1608
4719,1515
4718,943
4717,1526
4716,674
4715,601
4714,1237
4713,2080
4712,2468
4711,1393
4710,1529
4709,507
4708,2099
4707,2589
4706,764
4705,694
4704,1203
4703,970
4702,1395
4701,2332
4700,2418
4699,1392
4698,1262
4697,734
4696,1076
4696,1579
4695,1301
4695,860
4694,1184
4692,893
4691,654
4690,1411
4689,986
4688,742
4687,985
4686,908
4685,1423
4684,1017
4683,453
4682,1390
4681,2265
4680,1389
4679,467
4678,1180
4678,1081
4676,908
4675,1287
4674,1098
4673,1306
4672,1407
4671,1495
4670,1838
4669,1173
4668,618
4667,2236
4666,1450
4665,1211
4664,1237
4663,913
4662,1839
4661,2099
4660,1605
4659,1192
4658,2644
4657,1842
4656,2073
4655,711
4654,1671
4653,1042
4652,1295
4652,809
4650,1115
4649,1215
4649,1517
4648,934
4646,1692
4645,863
4644,1011
4643,1778
4642,1819
4641,1790
4640,993
4638,1148
4637,1109
4637,813
4636,1249
4634,1247
4633,2924
4632,1407
4631,1223
4630,924
4629,926
4629,1853
4628,1909
4626,689
4625,1907
4624,1946
4623,1211
4622,2106
4621,937
4621,779
4620,1021
4618,3709
4617,1303
4616,1681
4615,1101
4614,177
4614,251
4613,2056
4611,536
4610,568
4610,1109
4609,937
4608,779
4607,380
4606,1015
4605,989
4604,1249
4603,2144
4602,1366
4601,1227
4600,817
4599,1474
4598,1176
4597,820
4596,757
4595,992
4594,961
4593,547
4592,1080
4591,1106
4590,887
4589,1005
4588,1694
4587,829
4587,1302
4585,1059
4584,1135
4583,1287
4582,1259
4581,951
4580,1116
4579,1210
4578,1480
4577,1224
4576,600
4575,935
4574,1811
4573,812
4572,1626
4571,678
4570,1697
4569,1415
4568,1192
4567,1482
4566,576
4565,1213
4564,533
4563,803
4562,1558
4561,747
4560,1015
4559,1586
4558,1182
4558,836
4557,952
4555,1144
4554,806
4553,1284
4552,1600
4551,815
4550,1061
4549,1701
4548,639
4546,867
4545,673
4545,1712
4544,1104
4542,1124
4542,778
4541,838
4539,762
4538,1688
4537,753
4536,695
4535,715
4534,1021
4533,1369
4532,884
4531,1558
4530,667
4529,1124
4528,985
4527,2253
4526,863
4525,878
4524,1334
4523,1409
4522,859
4522,950
4521,1134
4519,1062
4518,2124
4517,1044
4516,571
4516,5429
4515,1203
4514,1749
4512,829
4511,2606
4510,1427
4509,979
4508,1130
4507,996
4506,1094
4506,1690
4505,720
4503,1850
4503,778
4502,1159
4500,1330
4499,1067
4498,930
4498,424
4497,2016
4495,1174
4494,1304
4494,798
4493,1983
4492,1424
4491,681
4489,1673
4488,786
4487,482
4486,512
4485,1674
4483,1861
4482,1131
4481,1958
4480,1194
4480,3423
4479,1475
4478,3091
4476,737
4475,1088
4475,789
4474,1362
4473,1255
4472,736
4471,789
4470,898
4469,2294
4468,1953
4467,1452
4466,859
4465,1274
4464,1325
4463,1374
4462,1076
4461,1405
4460,660
4459,1483
4458,864
4457,1235
4456,1069
4455,2085
4454,406
4453,1606
4452,715
4451,1813
4450,1275
4449,1668
4448,157
4447,1291
4446,1290
4445,847
4444,1508
4443,961
4442,1352
4441,1559
4440,950
4439,786
4439,2258
4438,682
4436,1410
4435,810
4434,1283
4433,1075
4432,833
4431,1695
4430,1499
4429,1329
4428,1622
4428,926
4427,816
4426,1599
4424,951
4423,1164
4422,1062
4421,1335
4420,1145
4420,1257
4419,2104
4416,1746
4416,718
4415,850
4415,2097
4414,401
4412,1021
4411,1034
4410,2975
4410,1379
4409,737
4408,1138
4407,2443
4406,769
4405,1350
4404,1200
4404,1496
4403,1223
4401,1322
4400,859
4399,2098
4398,917
4397,1815
4396,1026
4395,1250
4394,1264
4393,953
4393,1862
4391,881
4390,1001
4389,859
4388,466
4387,1746
4386,1402
4386,1306
4385,814
4384,1146
4381,887
4380,1230
4379,1115
4378,2274
4377,911
4376,855
4376,2510
4375,1150
4373,1150
4372,1500
4371,1564
4370,1659
4369,1517
4369,2487
4367,580
4366,705
4365,1563
4364,1589
4363,2172
4362,1287
4362,2049
4361,902
4360,1089
4359,1254
4358,1110
4357,1214
4356,1657
4355,925
4354,1096
4353,1116
4352,1396
4351,2120
4350,1142
4349,1573
4348,1387
4347,1316
4346,1572
4345,746
4344,1112
4343,1855
4342,1039
4342,1396
4341,1331
4339,1671
4337,1951
4336,1812
4336,1078
4336,630
4335,1716
4333,854
4332,2080
4330,1771
4329,1112
4328,1606
4327,782
4327,1268
4326,926
4324,1746
4323,691
4323,1473
4322,925
4321,1204
4320,1432
4319,1748
4318,616
4317,799
4316,1075
4315,1096
4314,1220
4313,937
4312,1012
4311,2482
4310,1211
4309,760
4308,824
4307,682
4306,2538
4305,1402
4304,1033
4303,1696
4302,1478
4301,1085
4300,726
4299,1708
4298,597
4297,1977
4297,3513
4296,1047
4294,2879
4294,1241
4293,867
4291,877
4290,1137
4289,1161
4288,1002
4287,1071
4286,1272
4285,950
4284,2114
4283,1281
4282,1578
4281,1350
4280,786
4279,905
4278,658
4277,1290
4277,1729
4276,719
4275,2477
4274,1564
4273,1642
4272,660
4271,964
4270,1350
4269,1355
4268,1572
4267,1350
4266,1252
4265,915
4264,752
4263,761
4262,1576
4261,1683
4260,1392
4259,1571
4258,1480
4257,1009
4256,863
4255,1036
4254,1739
4253,1347
4252,1119
4251,2145
4250,1414
4249,1225
4249,683
4247,1504
4246,1308
4245,847
4244,2242
4243,1143
4242,1844
4241,1412
4240,1161
4239,1870
4238,809
4237,1506
4236,966
4235,875
4234,1104
4233,937
4232,1546
4231,1629
4230,1396
4229,1904
4229,2390
4228,1268
4226,2249
4225,1753
4224,944
4223,2866
4222,833
4221,1751
4221,1088
4220,735
4219,1181
4216,574
4215,1804
4214,197
4214,2534
4213,1550
4212,1259
4211,1401
4210,982
4208,1385
4208,1855
4207,1535
4206,1694
4205,1859
4204,1885
4203,1942
4202,978
4201,762
4200,1976
4199,1810
4198,993
4197,963
4196,1601
4195,2039
4194,1410
4193,980
4193,974
4191,2658
4190,2050
4188,1133
4187,1337
4186,1284
4185,1468
4184,1048
4184,4604
4182,768
4181,2424
4180,1685
4179,839
4178,1523
4177,2104
4176,1183
4175,1347
4174,984
4173,1176
4172,1749
4171,1559
4171,1062
4170,681
4168,652
4167,1770
4166,1234
4165,1041
4164,2262
4163,1146
4162,1250
4161,970
4160,600
4159,1407
4158,752
4157,605
4156,1034
4155,1061
4154,1512
4153,1045
4152,2186
4151,1053
4150,1096
4150,1239
4148,473
4147,898
4146,1746
4146,1970
4145,614
4143,1402
4142,962
4141,572
4140,976
4140,1722
4139,1217
4137,831
4136,962
4135,1642
4134,507
4133,1816
4132,1157
4131,1729
4131,1038
4129,555
4128,1363
4127,333
4126,1464
4126,1267
4124,2056
4124,1454
4122,926
4121,655
4120,1277
4119,1119
4118,888
4117,827
4116,863
4115,1403
4114,1088
4113,1731
4112,795
4111,1834
4110,1037
4109,1278
4108,1180
4107,1192
4106,874
4105,1655
4104,850
4103,601
4102,1293
4101,1171
4100,1579
4099,1185
4099,2647
4098,1040
4097,2255
4095,1662
4094,1079
4093,1254
4092,648
4091,2459
4090,711
4089,1156
4088,611
4087,1255
4086,1831
4085,820
4084,1233
4083,566
4082,1224
4082,2504
4080,1085
4079,1727
4078,1089
4077,1535
4076,1200
4075,660
4074,1724
4073,851
4072,1494
4072,1860
4070,1241
4069,1066
4068,1318
4067,1928
4066,1130
4065,1129
4065,803
4063,3316
4062,2072
4061,1682
4060,1082
4059,1074
4058,1416
4057,490
4056,1515
4055,988
4054,952
4053,1420
4052,1682
4051,1052
4050,1707
4048,1137
4047,996
4046,1009
4045,816
4044,1282
4044,1248
4043,623
4042,1491
4041,957
4040,1724
4039,2341
4038,1074
4037,2553
4036,938
4035,1014
4034,1552
4033,914
4032,984
4031,860
4029,1745
4028,625
4027,712
4026,4621
4025,740
4024,909
4024,2020
4023,1586
4022,1304
4020,1120
4019,1958
4019,1694
4018,1749
4016,1305
4015,1451
4014,1832
4013,839
4012,1713
4011,1934
4010,2641
4010,886
4009,984
4008,919
4006,1301
4005,2387
4004,892
4003,1600
4002,1421
4001,696
4000,1050
3999,1258
3998,1443
3997,1721
3996,1890
3995,992
3994,2454
3993,1065
3992,707
3992,2196
3991,1029
3990,1360
3989,1967
3988,1949
3987,796
3986,1057
3985,1176
3984,438
3983,2251
3982,796
3981,1285
3981,910
3981,1778
3980,610
3977,1321
3976,1167
3975,960
3974,1554
3973,1152
3972,1329
3972,1928
3971,1371
3970,840
3968,1115
3967,1225
3966,969
3965,434
3964,963
3963,1384
3962,1569
3961,1044
3961,1182
3959,796
3958,904
3957,1198
3956,1752
3955,2117
3954,1388
3953,1314
3952,1056
3951,1266
3950,2499
3949,1549
3948,754
3947,1577
3946,1209
3945,288
3944,1262
3943,699
3942,1126
3941,1411
3940,1487
3939,1333
3938,975
3937,794
3936,1953
3935,639
3934,657
3933,1057
3932,1463
3931,1532
3930,831
3929,2333
3928,845
3927,2263
3926,1210
3925,788
3924,1167
3923,1270
3922,773
3921,560
3920,1561
3919,826
3918,1728
3917,2023
3916,1469
3915,1278
3914,939
3913,1273
3912,2477
3912,1047
3911,901
3909,1831
3908,1691
3907,2196
3906,2875
3905,776
3904,1754
3902,1377
3901,880
3900,1348
3899,1221
3899,570
3898,657
3897,1184
3896,716
3895,1486
3894,936
3893,2052
3892,1776
3891,2195
3890,1680
3889,1042
3888,1440
3887,1261
3886,820
3885,981
3884,1810
3884,1575
3884,1884
3881,1303
3881,1000
3879,1517
3879,793
3877,750
3876,2154
3875,846
3874,874
3873,964
3872,583
3871,4318
3869,1365
3868,1435
3867,1334
3866,1186
3865,1431
3864,1103
3863,898
3862,929
3861,1712
3860,1083
3859,1197
3858,693
3858,380
3857,583
3857,1317
3856,1135
3854,938
3853,1388
3853,1561
3851,1120
3850,1023
3849,1177
3848,1285
3847,2188
3845,2326
3844,813
3843,1012
3842,1168
3841,512
3840,1401
3839,1114
3838,1469
3837,961
3836,1553
3835,982
3834,857
3834,1153
3833,1626
3831,973
3830,1483
3829,896
3828,2215
3828,715
3826,951
3825,1656
3824,1232
3823,991
3822,1895
3821,2272
3820,1466
3819,1194
3818,1586
3817,404
3816,1102
3815,946
3814,949
3814,781
3813,1433
3812,1560
3812,2111
3810,1290
3809,3039
3808,2728
3807,1023
3806,1286
3805,1816
3804,1576
3803,1121
3802,998
3801,1155
3800,3959
3799,934
3798,1006
3797,1304
3796,846
3795,1853
3794,778
3793,1037
3792,1107
3791,1085
3790,690
3789,2766
3788,1821
3787,1420
3786,1128
3785,1196
3784,563
3783,1531
3782,1707
3781,1203
3780,2343
3779,1101
3778,1359
3777,982
3776,1183
3775,1159
3774,763
3773,910
3772,2570
3772,1019
3770,1034
3769,768
3768,1350
3768,2799
3766,1239
3766,916
3765,1355
3763,1571
3763,1034
3762,1884
3760,2099
3759,2177
3758,1698
3757,1067
3756,1185
3755,1599
3754,965
3753,952
3752,1757
3751,1196
3750,2331
3749,593
3748,1043
3747,1987
3746,1454
3745,826
3745,598
3743,1963
3742,1437
3741,2209
3740,1881
3739,1734
3738,1457
3737,888
3736,1283
3734,1057
3733,884
3733,1109
3732,2306
3731,1934
3730,1535
3729,1455
3728,2157
3727,1311
3727,2289
3725,1377
3724,1041
3723,3877
3722,1702
3720,1353
3720,887
3719,1069
3718,867
3717,1414
3716,951
3715,1442
3714,2274
3713,706
3712,2227
3711,1239
3711,902
3710,1205
3708,1208
3707,951
3706,1247
3705,377
3704,1848
3703,1426
3702,2514
3701,1058
3700,1461
3699,1058
3698,1229
3697,939
3696,1527
3695,1198
3694,200
3693,872
3692,601
3691,1404
3690,1847
3689,1096
3688,1867
3687,828
3686,1113
3685,1345
3685,1950
3683,2184
3682,1976
3682,1762
3680,1097
3679,2526
3678,1202
3678,1489
3677,858
3675,1951
3674,2015
3673,1448
3671,2261
3670,1648
3669,1046
3668,1812
3668,1858
3666,1007
3665,1477
3664,1970
3664,2186
3663,717
3662,1062
3661,1130
3660,1771
3659,1482
3658,1813
3657,983
3656,1222
3655,623
3654,1692
3653,1103
3652,2212
3651,1099
3650,1527
3649,1593
3648,751
3647,1476
3646,754
3645,1090
3644,429
3642,966
3641,1036
3640,1102
3639,705
3638,1715
3637,809
3636,1251
3635,526
3634,870
3633,63
3632,2056
3631,1016
3630,1668
3629,1324
3629,1763
3628,1202
3626,1967
3625,1364
3624,1671
3623,746
3622,1298
3621,2261
3620,1328
3619,1222
3618,1570
3617,978
3617,1018
3616,1391
3614,1783
3613,894
3612,1346
3611,1561
3610,1114
3609,1416
3608,1462
3607,1355
3606,1108
3605,2621
3604,678
3603,2048
3602,706
3601,1220
3600,1075
3599,933
3598,1325
3597,778
3596,898
3596,676
3594,1336
3594,1205
3593,1380
3592,951
3591,1665
3590,1005
3589,1395
3588,1111
3587,1661
3586,2049
3585,2722
3584,880
3583,1467
3582,911
3581,1478
3580,1033
3579,1881
3578,1008
3577,1161
3577,1049
3575,2214
3574,1892
3574,817
3573,893
3571,638
3570,2645
3569,744
3568,1165
3568,1370
3566,2542
3565,1266
3564,1044
3563,1916
3562,999
3561,1261
3560,1217
3559,661
3558,1326
3557,2104
3556,1529
3555,1057
3554,1058
3553,1965
3553,1031
3552,962
3550,1313
3549,2055
3548,1556
3547,734
3546,1993
3545,1179
3544,662
3543,1091
3542,793
3541,1080
3540,1016
3539,902
3538,872
3537,1152
3536,1885
3535,1274
3534,1391
3533,1114
3533,1215
3531,1085
3529,1314
3528,1964
3527,1113
3526,1124
3525,926
3524,630
3524,1698
3522,891
3521,873
3520,378
3519,2181
3518,1010
3517,1637
3516,2532
3515,1517
3514,1386
3513,1537
3512,2007
3511,978
3510,983
3509,617
3508,1619
3506,871
3506,1510
3505,1120
3504,1600
3503,768
3502,805
3501,875
3500,1253
3499,1311
3498,808
3497,1947
3496,1009
3495,1227
3494,2094
3493,746
3493,1198
3492,1537
3491,3595
3490,2281
3489,1822
3488,1363
3487,1665
3486,2026
3485,1423
3484,1353
3483,1290
3482,616
3481,2242
3480,1592
3480,1238
3479,746
3477,2217
3477,1386
3476,680
3474,1641
3473,933
3472,1382
3471,947
3471,3158
3470,888
3469,1120
3468,902
3466,1320
3465,1217
3464,1549
3463,2589
3462,1255
3461,1891
3460,1147
3459,1161
3458,1681
3457,1495
3456,861
3455,1010
3454,995
3453,1866
3452,836
3451,1978
3450,1704
3449,925
3448,960
3446,1525
3445,980
3445,1710
3444,1201
3443,1099
3442,1213
3441,2100
3440,1220
3439,1413
3438,1737
3437,1446
3436,1232
3435,1198
3434,905
3433,1935
3432,1449
3431,1398
3431,1507
3429,1098
3429,868
3428,1291
3426,712
3425,1398
3424,1306
3423,2017
3422,1860
3421,876
3420,1825
3419,1311
3418,1913
3417,1831
3417,1056
3415,2044
3414,1257
3413,923
3413,1437
3413,1373
3410,1347
3409,4224
3408,893
3407,682
3406,841
3405,1111
3404,726
3402,1687
3401,2005
3400,1836
3400,1875
3398,1006
3397,1895
3396,897
3395,870
3394,1340
3393,1342
3392,359
3391,645
3390,2218
3390,762
3389,858
3387,881
3386,1534
3385,2114
3384,1031
3383,1324
3382,747
3381,829
3380,1259
3379,1374
3378,1601
3378,1418
3377,968
3375,948
3374,908
3373,923
3372,744
3372,946
3370,639
3369,1730
3368,2139
3367,1836
3366,1706
3365,1379
3364,1750
3363,1744
3362,1264
3362,1910
3361,1856
3359,2612
3358,614
3358,2443
3356,905
3355,1181
3354,1390
3353,1103
3352,1416
3351,1411
3350,1632
3350,1734
3348,1558
3347,1872
3346,1903
3345,1788
3344,1088
3343,1990
3342,1538
3341,1382
3340,1269
3339,1287
3338,1992
3337,985
3336,1093
3335,528
3334,1165
3333,770
3332,965
3331,858
3330,963
3330,2677
3329,1420
3327,1040
3327,1415
3326,3258
3325,1828
3323,1120
3322,1913
3322,1159
3320,3058
3319,767
3318,869
3317,1467
3316,1109
3315,2197
3314,839
3314,1719
3312,762
3311,934
3310,1258
3309,928
3308,1451
3307,2678
3306,1760
3305,1724
3304,1700
3303,433
3302,1484
3301,1287
3300,1434
3299,1066
3298,2429
3297,2655
3296,1144
3295,1225
3294,1653
3293,1035
3292,719
3291,914
3290,1872
3289,1907
3288,990
3287,1399
3286,1815
3285,1069
3285,1582
3284,761
3283,1528
3281,1439
3280,1833
3280,1214
3279,824
3278,1382
3277,1614
3276,1643
3275,1148
3274,1897
3273,2123
3272,464
3271,2005
3270,1697
3269,1415
3268,1657
3267,1677
3266,1254
3265,4157
3264,1612
3263,1545
3262,1103
3261,1571
3260,1344
3259,1605
3258,1965
3257,1236
3256,1680
3255,1438
3254,970
3253,1253
3252,793
3251,922
3250,901
3249,610
3248,1018
3248,2169
3246,1415
3245,883
3244,1892
3243,660
3242,2594
3241,811
3241,1433
3239,1539
3238,1038
3237,1238
3237,1835
3236,1024
3234,683
3234,1917
3232,1285
3232,2479
3231,1375
3229,601
3228,686
3227,1532
3226,1553
3225,1020
3224,1432
3223,1263
3222,762
3221,955
3221,1143
3220,762
3218,891
3217,1275
3217,1988
3216,1245
3214,1325
3213,943
3212,978
3211,1184
3210,1501
3209,3142
3208,1033
3207,1797
3206,1122
3205,1350
3204,767
3203,1523
3202,1113
3201,1672
3200,2046
3199,1128
3198,1202
3198,1566
3197,2293
3195,622
3194,2145
3193,1913
3192,1465
3191,727
3190,1172
3189,1347
3188,920
3187,1241
3187,876
3185,1111
3184,1181
3183,1899
3182,1033
3181,1135
3180,1704
3179,1040
3178,1187
3177,1525
3176,576
3175,1152
3174,1012
3173,871
3172,1939
3171,1370
3170,1070
3169,936
3168,1933
3167,2590
3166,1711
3165,1020
3164,883
3163,744
3162,1113
3161,1423
3160,1476
3159,1428
3158,1344
3157,1384
3156,704
3155,927
3154,1630
3153,2486
3152,1503
3151,1255
3150,506
3149,1854
3148,953
3147,1297
3146,1773
3145,979
3144,1062
3143,843
3142,1048
3141,1304
3140,583
3139,745
3139,3021
3137,2961
3136,1719
3135,2091
3134,336
3133,1651
3132,992
3131,2481
3130,2627
3129,3004
3128,1236
3127,1213
3126,1230
3125,515
3124,1523
3123,601
3122,1714
3121,1594
3120,2176
3120,1180
3118,2239
3117,848
3116,1794
3115,1893
3114,1116
3113,1091
3112,636
3111,969
3110,1625
3109,591
3108,914
3107,2233
3106,1860
3105,1499
3104,1318
3103,1855
3102,1539
3101,1230
3100,1058
3099,3854
3098,1280
3097,1841
3096,1558
3096,1854
3094,1030
3093,714
3092,890
3092,2410
3091,695
3089,590
3089,1605
3087,1221
3086,781
3085,1493
3084,1544
3083,615
3082,962
3081,1180
3080,1987
3079,1220
3078,1357
3077,864
3076,1579
3075,1981
3074,868
3073,2259
3073,2320
3072,1528
3071,1075
3070,976
3069,1465
3068,1363
3067,1206
3066,1027
3065,787
3064,3014
3063,1473
3062,2672
3061,922
3059,2011
3058,1183
3058,1015
3056,1698
3055,1601
3054,1784
3053,1203
3052,767
3051,1635
3050,853
3049,1457
3048,1792
3047,1065
3046,1984
3045,3427
3044,1220
3043,1101
3042,1900
3041,1552
3040,994
3039,1958
3038,1132
3037,914
3036,1080
3035,1297
3034,2514
3033,1952
3032,993
3032,1322
3030,817
3030,2210
3029,2237
3027,736
3026,1753
3025,999
3024,1740
3024,3373
3023,1116
3021,680
3021,778
3020,1649
3018,1799
3017,1085
3016,5010
3015,494
3014,946
3013,2499
3012,389
3011,1194
3010,1234
3009,1107
3008,1480
3007,1816
3006,1872
3005,735
3004,933
3003,1990
3002,2072
3001,1049
3000,1883
2999,926
2998,2080
2997,3665
2996,1797
2996,1940
2995,1699
2993,1330
2992,1466
2991,1134
2990,1073
2989,735
2988,1268
2987,384
2986,666
2985,1913
2984,987
2983,2596
2982,1194
2981,1112
2980,963
2979,744
2978,883
2977,1340
2976,1302
2975,1634
2974,1151
2973,1841
2972,2069
2971,1397
2970,956
2969,1527
2968,1157
2967,2499
2966,1842
2965,830
2964,1321
2963,970
2963,2378
2961,1371
2959,2071
2959,893
2957,1099
2956,2646
2955,2068
2954,4050
2953,1201
2952,1059
2951,957
2950,702
2949,1212
2948,1695
2947,804
2946,1561
2945,1518
2944,1222
2943,1011
2942,1038
2941,731
2940,3551
2939,918
2938,1801
2937,698
2936,1624
2935,994
2934,1242
2933,1276
2932,407
2931,969
2930,1198
2929,1597
2928,967
2927,1786
2926,1189
2925,1624
2924,1371
2923,1540
2922,2177
2921,854
2920,1284
2919,782
2918,424
2917,1769
2917,1366
2915,1706
2914,1039
2913,2037
2912,1430
2911,713
2910,918
2909,1879
2908,1584
2907,2064
2907,1857
2906,881
2904,644
2903,2221
2903,1511
2902,857
2900,820
2899,1505
2898,1072
2897,822
2896,1740
2895,1902
2894,1064
2893,1408
2892,690
2891,1255
2890,1104
2889,1378
2888,1453
2887,1846
2886,803
2885,2069
2884,929
2883,1896
2882,1277
2881,2017
2880,2445
2879,1010
2878,1003
2877,1791
2876,1942
2875,1051
2875,985
2874,1841
2872,1625
2871,1716
2870,1324
2869,943
2868,1572
2867,783
2866,2577
2865,1316
2864,1259
2863,1016
2862,602
2861,1200
2861,2000
2860,722
2859,2067
2858,2726
2857,1473
2856,1049
2855,1313
2854,2567
2853,1576
2852,1662
2851,904
2850,1175
2849,377
2848,2578
2847,707
2846,1243
2845,1127
2844,1015
2843,1093
2843,1194
2842,809
2841,1074
2840,1160
2839,1267
2837,1069
2836,1869
2835,820
2834,389
2834,1436
2832,1452
2831,823
2830,1266
2830,415
2828,1490
2827,1466
2826,867
2825,1007
2824,1221
2823,1105
2822,1739
2821,1982
2821,3073
2820,1488
2818,1763
2817,2208
2817,1247
2815,6369
2814,2460
2813,1803
2812,1407
2810,1364
2809,832
2808,1668
2807,850
2807,903
2806,1223
2804,1856
2803,1412
2802,1463
2801,1398
2800,1000
2800,896
2799,1375
2798,1237
2798,851
2798,839
2795,1102
2794,1800
2793,1129
2792,1544
2791,922
2790,1541
2789,1361
2788,1618
2787,1761
2786,1541
2785,1230
2784,1355
2783,2292
2782,1779
2781,958
2780,1518
2779,871
2778,1669
2777,1274
2776,1926
2776,1376
2774,1142
2773,1443
2773,1205
2772,1864
2770,925
2769,1115
2768,1487
2767,794
2766,1716
2765,926
2764,670
2763,2369
2763,1670
2762,2412
2760,989
2759,958
2758,2616
2757,826
2756,1803
2755,1019
2753,1617
2752,1342
2751,1345
2750,929
2749,964
2748,1043
2747,1423
2746,1726
2746,1078
2745,1771
2743,1945
2742,1283
2741,1600
2740,1455
2739,975
2738,1629
2737,1727
2735,1403
2734,3104
2733,1179
2732,1863
2731,656
2730,1184
2730,863
2729,738
2728,1759
2726,1271
2725,1286
2724,906
2723,1411
2722,1479
2721,1585
2720,1018
2720,1081
2719,896
2718,685
2717,1430
2716,1473
2715,1427
2714,3031
2714,803
2712,1663
2711,1670
2710,1740
2709,1139
2708,1571
2707,861
2706,2010
2705,648
2704,958
2703,1277
2702,2054
2701,1451
2700,2059
2699,521
2698,2041
2698,2405
2696,1459
2696,1104
2694,1249
2693,2336
2693,998
2692,1931
2691,1002
2689,2653
2688,740
2687,1814
2686,1213
2685,1396
2684,1265
2683,956
2682,1288
2681,1511
2680,1029
2678,1493
2677,1110
2676,2649
2675,2346
2674,1480
2673,588
2672,1289
2671,632
2671,2261
2670,2874
2670,1979
2669,1101
2667,848
2666,1325
2665,2202
2664,2571
2663,1064
2662,1495
2661,1198
2660,1314
2659,820
2658,919
2657,1114
2656,2287
2655,1356
2654,893
2654,1302
2652,183
2651,767
2650,1840
2649,1580
2648,623
2647,2509
2646,765
2645,809
2644,267
2643,1266
2642,1312
2641,1300
2639,2506
2638,775
2638,1785
2636,1279
2635,1061
2634,1002
2633,896
2632,2185
2631,1306
2630,726
2629,2518
2629,1758
2627,915
2626,773
2626,1476
2625,1936
2623,1003
2622,1099
2621,869
2620,989
2619,1084
2618,1009
2617,875
2616,1624
2615,1329
2614,704
2613,801
2612,890
2611,793
2610,2126
2609,877
2608,2090
2608,1166
2606,1437
2605,1884
2604,1229
2603,964
2603,929
2602,759
2601,1093
2600,1281
2599,1138
2598,1327
2597,1565
2596,1599
2595,584
2594,2298
2593,1059
2592,1416
2591,1667
2590,1207
2589,1484
2588,2204
2587,1454
2586,936
2586,2785
2584,1144
2584,1040
2582,1687
2581,2272
2580,1851
2580,1901
2579,1026
2579,1289
2576,1645
2575,2271
2574,1420
2573,1618
2572,678
2571,1912
2570,2721
2570,1373
2569,1226
2567,1122
2566,1949
2566,1631
2565,1377
2563,1901
2562,911
2561,1203
2560,954
2559,2204
2558,1266
2557,1291
2556,1336
2555,1421
2554,1031
2554,1949
2552,944
2551,2147
2550,1717
2549,1580
2548,1627
2547,1760
2546,727
2546,1574
2544,3005
2543,1242
2542,1937
2541,1052
2540,980
2539,1905
2538,1734
2537,1095
2536,1914
2536,1251
2535,1433
2534,1238
2532,1361
2531,1446
2530,1770
2529,979
2529,1365
2528,1667
2526,2044
2525,1186
2524,1712
2523,864
2523,1399
2522,1781
2520,776
2519,519
2518,1542
2517,1628
2516,1076
2515,1038
2514,1985
2513,2305
2513,734
2512,1321
2510,1100
2509,2213
2508,2147
2507,1427
2506,1725
2505,1458
2504,1982
2503,673
2502,922
2501,1831
2500,1227
2499,1236
2498,1742
2497,933
2496,1467
2495,1467
2494,846
2493,1505
2492,1516
2491,1627
2490,725
2489,1143
2488,1853
2487,1279
2486,1231
2485,1489
2484,1380
2483,1186
2482,1270
2481,1064
2480,1420
2479,1715
2478,1389
2477,371
2476,1694
2475,1398
2474,1271
2473,1224
2472,1232
2471,1804
2470,1730
2469,1042
2468,1181
2467,1642
2466,1800
2466,1502
2464,1247
2463,1125
2462,1750
2461,1507
2460,1072
2459,1077
2458,1018
2457,2495
2456,877
2456,2578
2455,1468
2453,1703
2452,1138
2451,1756
2450,1550
2449,1559
2448,1031
2447,1999
2447,1599
2445,1731
2444,3439
2444,1342
2443,863
2441,2028
2440,1093
2439,1242
2438,1614
2437,2652
2436,4296
2435,1500
2435,2954
2433,1271
2432,780
2431,1122
2430,2635
2429,1551
2428,1173
2427,1321
2427,1050
2425,1097
2424,1813
2423,1275
2422,1247
2421,1691
2420,1319
2419,1220
2418,1494
2418,1419
2416,307
2415,1416
2414,1147
2413,1635
2412,981
2411,840
2410,810
2409,790
2408,1488
2407,937
2406,897
2405,1131
2404,1661
2403,1837
2402,1600
2401,1369
2400,1240
2399,555
2398,1015
2397,1187
2396,1507
2395,2567
2394,958
2393,1837
2392,2778
2391,1506
2391,1672
2389,1696
2388,954
2387,1712
2386,963
2385,1335
2385,1744
2384,1664
2382,1204
2381,843
2380,986
2379,742
2378,638
2377,1335
2376,740
2375,1462
2375,2026
2373,1091
2372,1394
2371,720
2370,1364
2370,787
2368,601
2367,1176
2366,1777
2365,1116
2364,1969
2363,1402
2362,1801
2361,1652
2360,1095
2359,1049
2358,1760
2357,1330
2356,1424
2355,1348
2354,1771
2354,1572
2352,1191
2351,1633
2350,1085
2349,1987
2348,2441
2347,1753
2346,1199
2345,2015
2344,1725
2343,1199
2342,1928
2341,1612
2340,1780
2339,1302
2338,1884
2337,1365
2336,1342
2335,1118
2334,748
2333,1369
2332,1421
2332,1751
2331,2925
2329,1939
2328,1217
2327,4402
2326,1579
2325,955
2324,1189
2323,1619
2322,1606
2322,2671
2320,1261
2319,2537
2318,868
2317,1824
2316,1418
2315,1310
2314,1149
2313,1092
2312,795
2311,758
2309,1455
2308,2150
2307,1153
2306,660
2305,1464
2304,1200
2303,1944
2302,1214
2301,1308
2300,930
2300,2038
2299,1490
2298,1553
2296,1494
2295,1138
2294,1256
2294,1552
2293,1123
2292,2324
2290,1254
2289,1979
2287,1198
2286,742
2285,1780
2284,1747
2283,1216
2283,1451
2282,1130
2281,1552
2280,1543
2279,2625
2278,855
2277,723
2276,1314
2275,1280
2274,1576
2273,1162
2273,1120
2272,1610
2270,1294
2269,1622
2268,849
2267,1559
2267,2320
2266,1286
2265,1741
2263,2306
2262,1512
2261,1632
2261,625
2260,1760
2259,763
2258,1158
2257,1045
2256,974
2255,1278
2254,1041
2253,1402
2252,1259
2251,1615
2250,1485
2249,1457
2249,1878
2246,1074
2245,1514
2244,2269
2243,1109
2242,1144
2242,852
2241,861
2240,3212
2239,1191
2238,1802
2237,1682
2236,1527
2235,503
2233,2148
2232,866
2230,1174
2229,1218
2229,962
2228,1435
2227,1568
2226,1641
2225,1144
2224,1469
2223,435
2223,1548
2222,880
2222,2685
2221,1962
2219,2748
2218,1617
2217,1419
2216,1131
2215,1473
2214,885
2213,2041
2212,1143
2211,2199
2210,1235
2209,1916
2208,1296
2207,1825
2206,2031
2205,1432
2204,1907
2203,1270
2202,1608
2201,1355
2201,650
2199,1185
2198,1751
2197,922
2196,1552
2195,2644
2194,1333
2193,1741
2192,1063
2192,2243
2190,2008
2190,1487
2188,838
2187,2306
2186,2147
2185,845
2184,1470
2183,1518
2182,1496
2182,2187
2181,822
2179,1933
2178,1334
2177,1334
2176,1362
2175,1037
2174,1862
2173,2625
2171,1350
2170,1846
2169,717
2169,2958
2168,1341
2167,910
2166,2236
2165,1714
2164,1158
2164,2497
2162,1094
2161,1094
2161,1560
2159,1554
2158,1928
2157,1804
2156,1749
2156,3415
2154,1635
2153,1931
2153,1065
2151,1358
2150,799
2149,2660
2148,1671
2148,2127
2147,1348
2145,1566
2144,2172
2143,2361
2142,1460
2141,1678
2140,716
2139,2291
2138,1070
2138,1237
2137,1778
2136,1952
2135,1182
2133,822
2133,1954
2131,1052
2130,866
2129,979
2128,575
2127,1706
2126,1261
2125,1017
2125,656
2123,1110
2123,536
2121,1182
2120,1762
2119,1467
2118,2581
2117,1449
2116,2450
2114,1254
2113,1469
2113,1382
2112,1742
2111,1533
2109,1753
2109,1979
2108,949
2105,1765
2104,1382
2104,2980
2103,3080
2102,2464
2100,1354
2099,462
2098,1302
2097,1855
2096,1219
2095,519
2094,1807
2093,1033
2092,1048
2091,1153
2090,751
2089,2046
2088,1241
2088,930
2087,1953
2086,1749
2085,1049
2085,757
2083,938
2081,1672
2080,1758
2079,1937
2078,1804
2077,1667
2076,991
2075,1964
2074,874
2073,1423
2072,1241
2071,2858
2070,1056
2069,1563
2068,1094
2067,3034
2066,696
2066,2005
2065,1292
2064,1655
2063,651
2062,3829
2061,1569
2060,3091
2059,1232
2058,1920
2058,2183
2057,1097
2056,552
2054,1569
2053,1119
2052,789
2051,1276
2050,1300
2049,1837
2048,2098
2047,1548
2046,1016
2046,2879
2045,483
2044,1555
2043,2171
2043,1427
2042,651
2040,2996
2040,2226
2039,1672
2038,1052
2037,2136
2036,1199
2035,1825
2034,657
2033,1798
2032,2173
2031,2006
2030,1201
2030,1727
2028,2046
2027,970
2026,1926
2025,1655
2024,3695
2023,1076
2022,1539
2021,2105
2020,1034
2019,1265
2017,823
2016,1707
2016,2157
2014,1195
2013,1119
2012,1726
2011,2453
2010,1085
2010,1071
2009,930
2007,966
2006,1579
2005,1915
2004,1035
2003,1864
2002,1635
2001,1205
2000,1230
1999,1118
1998,1761
1997,1633
1996,1366
1995,3132
1994,925
1993,1734
1992,966
1991,772
1990,1540
1989,1142
1988,1283
1987,2491
1987,2746
1986,3264
1984,1428
1983,734
1982,1628
1981,1929
1980,2110
1979,913
1978,1437
1977,1453
1976,2061
1975,1880
1974,1844
1974,1957
1973,860
1971,960
1970,1161
1969,1841
1968,1644
1967,1819
1966,2551
1965,1258
1964,2321
1963,2317
1962,724
1961,956
1960,1970
1959,938
1958,1765
1958,1294
1957,2009
1956,1962
1954,1439
1954,1180
1953,755
1951,1239
1950,1768
1949,1416
1948,2006
1947,2299
1946,467
1945,2036
1944,1584
1943,1276
1942,1938
1941,1697
1940,2019
1939,1987
1938,3081
1937,2189
1936,1391
1935,2088
1935,975
1934,610
1932,812
1931,1248
1930,815
1929,944
1928,901
1927,1070
1926,1840
1925,893
1924,992
1923,1547
1922,945
1922,1801
1921,2406
1921,1306
1918,1203
1917,1797
1916,1517
1915,998
1914,1576
1913,1105
1912,832
1911,2384
1910,1896
1910,1509
1909,531
1907,1137
1906,3627
1905,860
1904,782
1903,1574
1902,2361
1901,1730
1900,2753
1899,1463
1898,1626
1897,1388
1896,2410
1895,2192
1894,2241
1893,2094
1891,1517
1891,1035
1890,1155
1889,1589
1888,1321
1888,2335
1887,2340
1885,2814
1884,1062
1883,979
1883,614
1882,1278
1880,1489
1879,1798
1878,1832
1877,1930
1876,1293
1875,1645
1874,901
1873,1547
1872,1371
1871,1537
1870,829
1870,1721
1869,1230
1869,1197
1866,2106
1865,2672
1864,1724
1863,850
1862,1109
1861,2397
1860,831
1860,1613
1859,634
1857,2799
1856,642
1855,1975
1854,1268
1853,4381
1852,1341
1851,2147
1850,2222
1849,1362
1848,1747
1847,2142
1846,804
1845,1696
1844,647
1843,1343
1843,1483
1842,1057
1840,1526
1839,1166
1838,1369
1837,1189
1836,1149
1835,1098
1834,1469
1833,705
1832,2826
1831,2205
1830,1794
1829,940
1829,1397
1828,1126
1826,1156
1825,916
1824,1470
1823,565
1822,1859
1821,1876
1820,1389
1819,413
1818,1687
1817,773
1816,944
1815,1346
1815,1278
1814,2470
1812,1505
1812,977
1811,1823
1809,1227
1809,1226
1806,1111
1805,1573
1804,1286
1803,555
1802,2624
1801,869
1800,1107
1800,1590
1799,1316
1798,1555
1796,1580
1795,798
1794,1544
1793,2089
1792,1000
1791,1510
1790,887
1790,1400
1789,596
1788,1572
1787,1505
1786,2108
1785,1396
1784,823
1783,651
1782,1148
1781,2353
1781,1301
1780,1628
1778,1304
1777,2734
1776,1289
1775,716
1774,2343
1773,1340
1772,840
1771,873
1770,1688
1769,1708
1768,1175
1767,1329
1767,1109
1766,2285
1764,1479
1764,1102
1763,1021
1761,588
1760,878
1759,2698
1758,1199
1757,2700
1756,1956
1755,627
1754,2053
1753,1163
1752,4997
1751,2769
1750,1202
1749,645
1748,1317
1747,1287
1746,2575
1745,2326
1744,1769
1743,1245
1742,1214
1741,1930
1740,1283
1739,2355
1739,775
1738,1355
1736,3256
1735,967
1734,2823
1733,1565
1732,2561
1731,1548
1730,2138
1729,2591
1728,738
1727,1179
1726,1147
1725,1576
1724,2243
1723,3139
1722,1153
1721,1859
1720,1152
1720,1987
1719,1616
1717,1943
1716,2670
1715,2297
1714,1027
1713,1917
1712,1682
1711,1748
1710,1537
1709,935
1709,3284
1708,1132
1706,1712
1705,1078
1704,1569
1703,1266
1703,1989
1702,2023
1700,1505
1699,1890
1698,948
1697,1272
1696,3002
1695,4596
1694,1737
1693,1388
1692,1950
1691,2724
1690,112
1689,1763
1688,1407
1687,876
1686,1343
1685,1605
1684,881
1684,1119
1683,1760
1681,1272
1680,1446
1679,1345
1678,1932
1677,1935
1676,1873
1675,1426
1674,1009
1673,780
1672,1129
1671,1009
1670,1545
1669,3033
1668,2518
1667,735
1666,1933
1665,679
1664,1377
1663,624
1662,1900
1661,1861
1660,1730
1659,583
1658,1108
1657,1639
1656,1233
1655,1357
1654,1893
1653,1283
1652,843
1651,594
1650,1381
1649,2723
1649,1915
1648,1296
1647,1764
1645,1292
1644,1547
1643,1359
1643,979
1642,1034
1640,1397
1639,1665
1638,1832
1637,1426
1636,3951
1635,1599
1634,1421
1633,1084
1632,1057
1631,995
1630,770
1630,886
1629,984
1628,1446
1626,979
1625,645
1624,1015
1623,1652
1622,1496
1621,1628
1620,1390
1619,1416
1618,868
1617,1127
1616,1526
1615,2049
1614,2144
1613,1518
1612,1056
1611,1707
1610,722
1609,576
1608,3158
1607,1537
1606,4412
1605,796
1604,2378
1604,3070
1603,2165
1601,879
1601,1162
1600,2006
1598,1196
1598,1524
1597,1571
1595,1914
1594,1116
1593,1394
1592,1833
1591,2343
1590,1483
1589,1252
1588,3805
1587,579
1586,2163
1585,852
1584,1974
1583,3161
1582,1471
1581,2555
1580,1708
1579,728
1578,1734
1577,888
1576,2623
1575,2175
1574,1717
1573,348
1572,1865
1571,1093
1570,1273
1569,2034
1569,1839
1568,1115
1568,3033
1565,1991
1564,945
1563,1463
1562,1270
1561,713
1560,3521
1559,1885
1559,1304
1558,2845
1556,957
1555,1727
1554,1726
1553,956
1552,1793
1551,822
1550,1709
1549,2355
1548,1545
1547,1237
1546,745
1545,900
1544,2203
1543,2973
1543,2066
1542,2215
1540,1367
1539,1536
1538,1851
1537,1179
1536,1884
1535,1199
1534,1343
1533,809
1532,2161
1532,2819
1531,2776
1529,701
1528,1928
1527,540
1526,2310
1525,1056
1524,1015
1523,2209
1522,1747
1521,1543
1520,2136
1519,1250
1518,1022
1518,1274
1517,1261
1515,1408
1515,1012
1514,515
1512,1755
1511,495
1510,1955
1509,1124
1508,1251
1507,1626
1506,1988
1505,850
1504,1958
1503,2769
1502,1285
1502,1102
1500,1209
1500,1491
1498,1351
1497,1048
1497,1736
1496,1072
1494,1142
1493,899
1492,689
1491,637
1490,919
1489,1405
1488,1707
1487,1403
1486,567
1485,1639
1484,2172
1484,1432
1482,2481
1481,1391
1480,916
1479,1340
1478,1044
1477,1554
1476,1236
1475,1531
1474,764
1473,1494
1472,942
1471,582
1470,975
1469,870
1468,1030
1467,1222
1466,1879
1466,2911
1465,1103
1465,1868
1462,2017
1461,1918
1460,1869
1459,1260
1458,1877
1457,1768
1456,1232
1455,1792
1454,2815
1453,1322
1452,1387
1451,2153
1450,1180
1449,1604
1448,1624
1447,2497
1447,1129
1446,2475
1444,1570
1443,1860
1442,1864
1441,1669
1440,1320
1439,1500
1438,1458
1437,1993
1436,1151
1435,1451
1433,574
1432,1684
1432,852
1431,1112
1430,1168
1428,1430
1427,992
1426,1182
1425,1894
1425,1188
1424,3039
1423,2416
1421,2001
1420,1227
1419,1478
1418,1319
1418,2172
1417,2089
1416,1877
1415,1072
1414,1969
1414,1176
1412,1386
1409,2504
1408,3440
1407,2001
1406,2415
1406,1404
1405,1327
1404,874
1404,1955
1403,520
1401,468
1400,2280
1400,1283
1399,1180
1397,2174
1396,536
1395,918
1394,1034
1393,1288
1392,1849
1391,1204
1391,2454
1390,1317
1388,1445
1388,2803
1387,2164
1386,694
1386,1283
1384,2531
1383,2104
1381,1880
1380,3482
1379,1970
1378,2776
1377,1622
1376,1471
1375,1064
1374,2520
1373,1743
1372,827
1371,2303
1369,1254
1368,1684
1368,1859
1367,2024
1367,1388
1364,1635
1363,1292
1362,1525
1361,2389
1360,864
1360,1193
1358,1134
1357,1156
1356,1243
1355,1321
1354,1149
1353,1446
1352,1159
1351,1663
1350,1767
1349,1216
1348,1547
1347,1315
1347,981
1345,1294
1344,1610
1343,1603
1343,804
1342,1425
1341,807
1340,1060
1339,2195
1337,2346
1337,1460
1336,1152
1334,1125
1334,1260
1333,2729
1331,1379
1330,1790
1330,2610
1329,1083
1327,1414
1326,2625
1325,1211
1324,1223
1324,1381
1323,1351
1321,1542
1320,1267
1320,2221
1319,1271
1317,1641
1316,2116
1315,991
1314,904
1312,3265
1311,1595
1310,1197
1309,2133
1308,448
1307,652
1306,2063
1305,1476
1304,1283
1303,1480
1302,3082
1301,2475
1301,1689
1300,1115
1299,1281
1298,1140
1297,1648
1296,943
1295,1442
1294,1438
1293,2148
1292,911
1292,1700
1291,1366
1290,1523
1289,1602
1289,2193
1288,2022
1287,594
1286,2497
1286,2312
1285,1303
1283,931
1282,1076
1281,929
1280,1201
1279,1846
1278,1001
1277,2711
1276,1950
1275,1272
1274,3137
1273,1078
1273,1336
1272,957
1270,1657
1270,759
1269,1421
1267,1026
1266,1000
1265,925
1264,1829
1263,820
1262,2752
1261,2123
1260,944
1259,2136
1258,2722
1258,1823
1257,2362
1255,1017
1254,1600
1253,1026
1252,1228
1252,2468
1251,2364
1249,1513
1248,2282
1247,1278
1246,2116
1245,517
1244,1329
1243,435
1242,1592
1241,1607
1241,2449
1240,985
1238,576
1237,1733
1236,1210
1235,2566
1234,1787
1233,1220
1232,1596
1231,1270
1230,2753
1229,1615
1228,2107
1227,2191
1226,1427
1225,2099
1224,2449
1223,1677
1222,2764
1221,1222
1221,2402
1220,1029
1218,816
1217,1905
1217,1249
1216,1304
1214,695
1213,3184
1212,1204
1211,1557
1211,911
1210,2645
1208,1649
1207,2613
1207,1847
1206,1361
1204,1851
1203,741
1202,1937
1201,1783
1200,1738
1199,1583
1198,2110
1197,1633
1196,740
1195,6376
1194,1808
1193,2380
1192,1547
1191,702
1190,1354
1189,1696
1188,917
1187,1621
1186,758
1185,2639
1184,3306
1183,1136
1181,1992
1180,2041
1180,1985
1179,1522
1178,1644
1176,1875
1175,2112
1174,1664
1173,1184
1173,779
1171,1818
1170,1560
1169,1715
1168,2136
1167,1336
1167,649
1166,1198
1165,1471
1163,1306
1162,1400
1161,2082
1160,1156
1159,1714
1158,1386
1157,1061
1156,1392
1155,2246
1154,1343
1153,2790
1152,1661
1151,1955
1150,1676
1149,2147
1148,921
1147,676
1146,1050
1145,1539
1144,2327
1143,1353
1142,1130
1141,1688
1140,470
1139,3149
1138,2165
1137,2210
1136,1976
1135,827
1134,1765
1133,3147
1132,2033
1131,1501
1130,1991
1129,2403
1128,1196
1128,1627
1127,457
1126,3020
1124,2139
1123,1297
1122,1856
1121,1015
1120,1753
1119,1212
1118,1653
1117,1732
1116,1181
1115,1635
1114,1820
1112,1627
1111,1403
1110,1024
1109,2240
1108,2704
1107,1346
1106,1251
1105,985
1104,814
1103,1773
1102,2524
1101,1768
1100,2639
1099,886
1098,2436
1097,1510
1096,2014
1095,2034
1094,3288
1093,1726
1092,1260
1092,1722
1091,1230
1089,1202
1088,1702
1087,1780
1086,1390
1085,2142
1084,2176
1083,1488
1083,2764
1082,397
1080,1381
1080,2060
1079,1370
1078,1008
1078,2542
1077,828
1077,1747
1075,822
1074,1033
1073,1502
1072,844
1071,2124
1070,881
1069,1226
1068,1955
1067,1692
1066,2132
1065,1488
1064,1694
1063,1257
1062,1846
1061,1847
1060,1039
1059,1794
1058,1857
1057,1832
1056,2215
1055,1241
1054,1322
1053,1606
1052,1447
1051,2544
1050,1780
1049,2338
1048,3096
1047,1377
1046,3469
1045,3102
1044,1394
1043,1349
1042,2115
1041,2162
1040,2922
1039,2363
1038,1495
1037,1359
1037,1477
1036,1280
1034,2141
1033,1172
1032,1590
1031,679
1030,783
1029,1764
1028,688
1027,2142
1026,2250
1025,1103
1024,2144
1023,1534
1022,2014
1021,3374
1020,842
1019,2397
1018,1926
1018,2642
1016,2704
1014,1632
1013,663
1012,1392
1011,2940
1010,1274
1009,1262
1008,1299
1008,2888
1007,1409
1005,1253
1005,2148
1004,1320
1003,1518
1002,2292
1001,987
1000,2064
999,2057
998,1568
997,1979
996,1710
995,944
994,1383
993,463
992,907
991,1392
990,1645
989,774
988,1461
987,1112
986,1310
985,621
984,1257
984,1019
983,1417
981,2598
980,1040
980,1412
979,1186
977,660
976,1933
975,1586
974,1525
973,3647
972,1570
971,1683
970,3020
969,2121
968,983
967,1505
966,1498
965,1369
964,2445
963,2159
962,1516
961,2345
960,1053
959,1365
958,1754
957,3708
956,2311
955,1136
954,1670
953,1668
952,1715
951,1482
950,1674
949,2072
948,1223
947,2163
946,1335
945,1046
944,1066
943,2275
942,1485
941,1410
940,3369
939,3038
938,1745
937,2549
936,1044
935,1560
934,1918
933,1186
933,1725
932,1428
930,1240
929,870
928,1572
927,2026
926,1109
925,837
925,1749
924,2035
923,2091
922,2892
919,2336
918,2033
917,1528
916,2577
914,1602
914,579
913,1098
912,2214
912,2683
911,1229
909,761
908,1571
907,2220
906,1378
905,1824
904,1379
903,1080
902,2231
901,1912
900,1500
899,2009
898,1601
898,1161
897,1301
896,2167
895,1460
895,883
894,1372
892,1476
891,2056
890,2417
889,1453
888,1999
887,1477
886,3661
885,2796
884,1799
883,1953
882,2144
881,1093
880,1361
879,1607
878,1229
877,1741
876,2065
875,2976
874,1814
873,2386
872,2940
871,882
870,1120
870,1713
868,2033
867,1992
867,1409
866,1462
864,2575
863,2151
862,1999
861,2558
860,898
859,1152
858,1513
857,1738
856,3372
855,1392
854,1842
853,1331
852,1476
851,1216
850,1285
849,1768
848,2597
847,1932
846,1617
845,1827
844,2148
843,2391
842,1371
841,1392
840,1473
839,3347
838,1036
837,1515
836,1526
835,1376
834,1087
833,1672
832,2532
831,1266
830,1958
829,803
828,1670
827,1683
826,1953
825,1341
824,2047
823,1700
823,1998
822,2229
820,3411
819,1825
818,1556
817,2161
816,1638
815,1399
814,903
812,1220
811,1879
810,1235
809,2402
808,2507
807,973
806,1257
805,2515
804,937
803,1516
802,3336
801,1137
800,2169
799,709
799,2277
798,1475
797,1492
795,2265
794,1950
794,486
793,924
792,2877
790,2670
789,2320
788,2412
787,2526
786,2011
785,833
784,2417
783,1220
782,1777
780,755
779,3140
778,884
777,1227
776,2876
776,3653
775,1893
774,2402
773,1253
771,884
770,1473
769,1788
768,2489
767,1069
766,1595
766,1309
765,1822
765,1528
764,2149
764,1598
763,3371
760,1620
759,1558
758,883
757,2013
756,2081
755,2520
754,1510
754,791
753,1222
751,1821
750,1522
749,2179
748,1469
747,2189
746,1355
745,1723
744,1863
743,1530
742,1779
741,1438
741,1835
740,867
738,2960
737,4037
736,1656
735,1361
734,1368
733,2486
732,3327
731,1737
730,2103
729,2691
729,3445
728,2466
727,1561
727,1115
725,932
724,1360
722,1287
722,2208
721,2941
720,1715
718,1012
717,1693
716,1250
715,1767
714,1646
713,2134
712,791
711,1511
710,1575
709,1897
708,1172
708,729
707,2520
706,803
705,1619
704,1255
703,1848
702,1078
701,2187
700,2009
699,1889
698,2181
697,1309
696,2010
694,1346
693,1628
693,1233
692,2680
691,2132
690,2539
689,507
688,1336
686,1712
685,754
684,677
683,1929
682,2856
682,2051
681,1429
680,1942
679,1149
678,1708
677,1628
676,848
676,2504
675,1773
673,2235
672,2641
671,665
670,932
670,1196
669,594
667,1940
666,2313
665,1798
664,1154
663,770
663,1668
662,1671
660,1068
659,2721
659,1261
658,1529
657,2024
656,1647
655,1198
654,1213
652,2138
652,1511
651,1638
649,1592
648,1252
647,1121
646,2236
645,2137
644,3295
643,1895
643,1866
642,1966
640,1153
640,617
638,1555
637,1516
636,1356
635,1000
634,1681
633,1122
632,2017
630,1096
629,2965
628,1197
627,2139
626,1353
625,1044
625,2004
624,1521
623,2631
621,1199
620,939
620,2183
619,1185
618,1210
616,1191
615,1429
614,1452
613,790
612,1146
611,1332
610,1519
609,2059
608,3206
607,1680
606,1608
605,1944
604,2530
603,731
602,1681
601,2108
600,3605
599,2598
598,2780
597,807
597,1700
596,2592
595,5085
593,1555
592,825
591,1601
590,1030
590,3074
589,3228
587,2012
587,1444
586,1800
585,812
584,1324
584,1022
583,2782
583,1359
580,1513
579,2092
578,1958
577,789
576,1990
575,1793
574,3034
573,1132
572,1531
571,802
570,1040
569,1280
568,3204
567,1259
566,1440
565,2038
565,878
564,1060
562,1581
561,1017
560,1300
559,1557
559,1158
558,2337
556,1268
555,3168
554,2252
553,2050
552,1719
551,2591
550,552
549,1533
548,1393
547,1184
546,1317
545,1140
544,1085
543,2107
542,2426
541,1135
540,2664
539,1162
538,1642
537,1894
536,2877
535,2204
534,2134
533,2708
532,1554
531,2287
530,2625
529,1300
528,3308
527,977
526,1316
525,2203
524,1655
523,3009
522,1405
521,1410
520,1841
519,376
518,1873
517,1236
516,1314
515,1776
514,2338
513,1167
513,1074
511,1845
510,1962
509,810
508,2222
507,1043
506,2020
505,1661
504,1298
503,2072
502,1893
501,1639
500,1990
500,1229
498,1836
497,2294
496,896
495,1363
494,939
493,1141
493,1709
491,1656
490,2082
489,980
488,1907
487,1059
486,1838
485,1656
484,3160
483,3365
482,2567
481,830
480,3322
479,2818
478,1346
477,1376
476,2439
475,1188
474,1543
473,3171
472,2531
471,1550
470,1322
469,1787
468,1299
467,6163
466,1498
465,1967
464,1735
463,1439
462,526
461,2404
460,2686
459,2581
458,1447
456,1624
456,2450
455,2672
454,1387
453,2502
452,2451
451,3826
450,1380
449,1971
448,1428
447,2005
446,1183
445,2564
444,2600
443,2433
442,1519
441,1410
440,1688
439,1765
438,1984
437,1710
436,1586
435,1385
434,2708
433,3454
432,2497
431,2396
430,2133
429,1621
428,2745
427,2472
426,4302
425,1830
424,1941
423,1483
422,1129
421,1689
420,2501
419,2063
418,1534
417,1417
416,1513
415,2654
414,2265
413,1186
412,2333
411,1932
410,2595
409,1044
408,2250
407,1339
406,1348
405,1917
404,1369
403,1323
402,1073
401,1601
400,867
399,2790
398,2688
397,1265
396,2335
395,2496
394,2769
393,1024
392,1709
391,1677
390,3778
389,1905
388,1412
387,2017
386,1832
385,1189
384,1509
383,929
382,2694
381,2516
380,2463
379,2700
378,1046
377,1905
376,2153
375,562
374,1587
372,1020
371,1347
371,2612
370,1651
369,6797
368,991
367,1510
366,1772
365,1374
364,940
363,1967
362,1411
361,1567
360,1913
359,2062
358,1518
357,1096
356,1062
355,1306
354,1417
353,2014
352,1983
351,1344
350,1424
349,2504
348,993
347,1439
346,2688
345,1095
344,1699
343,2134
342,2647
341,3613
340,1198
339,2041
338,1085
337,1235
336,2270
335,2432
334,1883
333,3994
332,2551
331,1615
330,3067
329,181
328,1459
327,3593
326,2104
325,1302
324,1189
323,1689
322,2048
321,1025
320,2069
319,3166
318,1964
317,1053
316,845
315,930
314,2858
313,1153
312,2263
311,1449
310,1582
309,1461
308,1387
307,1245
306,1551
305,2041
304,1913
303,1130
302,2631
301,2488
300,1468
299,1477
298,1371
297,1743
296,1244
295,1489
294,1818
293,1978
292,1708
291,1913
290,1455
289,3509
288,1987
287,1954
286,1947
285,2179
284,1679
283,2399
282,2505
281,3026
280,1302
279,1898
278,1965
277,1717
276,2216
275,2017
274,1797
273,3319
272,4225
271,1640
270,2521
269,736
268,3600
267,3263
266,1233
265,601
264,1972
263,1124
262,2719
261,2151
260,926
259,2234
258,1156
257,1357
256,2781
255,1214
254,6655
253,2650
252,1262
251,1558
250,1479
249,1755
248,1926
247,2712
246,1884
245,2006
244,1739
243,1434
242,2483
241,1522
240,1947
239,2246
238,3314
237,1323
236,2707
235,2329
234,2437
233,757
232,1611
231,893
230,2346
229,1335
228,1404
227,2475
226,1706
225,2895
224,2019
223,902
222,2357
221,1553
220,1162
219,2478
218,2440
217,2634
216,856
215,1757
214,1300
213,2478
212,1345
211,1358
210,2907
209,1987
208,1332
207,1279
206,3527
205,1774
204,1453
203,1432
202,1204
201,1687
200,1623
199,2419
198,2801
197,1555
196,2087
195,2222
194,2828
193,1004
192,2501
191,2412
190,1788
189,1792
188,1715
187,4461
186,4554
185,1584
184,1437
183,1699
182,1544
181,1444
180,2558
179,2643
178,2305
177,2086
176,3080
175,2060
174,1247
173,1710
172,1586
171,1848
170,2972
169,2514
168,2230
167,2306
166,1988
165,1784
164,522
163,1640
162,1638
161,2784
160,1740
159,3006
158,1810
157,3093
156,1224
155,1551
154,2236
153,1676
152,2492
151,2465
150,2904
149,2426
148,1190
147,1827
146,2252
145,2757
144,1553
143,2632
142,2122
141,3209
140,2870
139,1732
138,1884
137,643
136,2390
135,2030
134,1475
133,2221
132,1816
131,3508
130,843
129,1427
128,2091
127,827
126,2738
125,2030
124,1469
123,3207
122,1774
121,2222
120,1089
118,2031
117,2098
116,983
116,2352
115,1290
114,1943
113,1558
112,3553
111,3184
110,1385
109,1676
108,1256
107,1334
106,981
105,3212
104,1303
103,1953
102,2875
101,2335
100,1955
99,2652
98,2526
97,1963
96,1154
95,2051
94,2275
93,2262
92,1705
91,1002
90,1737
89,3068
88,3302
87,2096
86,1898
85,649
84,1948
83,1058
82,3545
81,3241
80,2030
79,1330
78,2234
77,2927
76,2400
75,2228
74,1687
73,4417
72,625
71,1612
70,1383
69,849
68,2521
67,2046
66,1955
65,1946
64,443
63,1792
62,2650
61,2886
60,4468
59,1911
58,1609
57,1605
56,2311
55,1643
53,2298
53,2111
52,585
51,2810
50,1186
49,1625
48,1026
47,1688
46,2569
45,3467
44,3226
43,4114
42,1706
41,1519
40,1650
39,1605
38,2241
37,1564
36,2126
35,1448
34,1717
33,2203
32,1145
31,1674
30,2203
29,2209
28,1080
27,2778
26,2757
25,1356
24,1900
23,1500
22,1682
21,3975
20,2267
19,2453
18,970
17,1773
16,1990
15,2248
14,4434
13,2865
12,2322
11,2339
10,1547
9,3180
8,3700
7,2165
6,2253
5,650
4,1725
3,2240
2,2094
1,1736
null,330
null,0
null,666
null,250
null,0
null,1
null,112
null,3
null,1410
null,278
null,728
null,0
null,915
null,342
null,971
null,768
null,404
null,165
null,875
null,1255
null,976
null,488
null,870
null,29
null,392
null,2
null,453
null,399
null,302
null,729
null,12
null,1258
null,196
null,772
null,440
null,530
